id,name,department,salary
1,Employee_00001,Engineering,59500
2,Employee_00002,HR,62500
3,Employee_00003,Finance,112000
4,Employee_00004,Sales,90000
5,Employee_00005,Marketing,113500
6,Employee_00006,Support,106500
7,Employee_00007,Operations,81000
8,Employee_00008,QA,81000
9,Employee_00009,DevOps,48500
10,Employee_00010,Product,100000
11,Employee_00011,Engineering,108000
12,Employee_00012,HR,80500
13,Employee_00013,Finance,90000
14,Employee_00014,Sales,39500
15,Employee_00015,Marketing,45500
16,Employee_00016,Support,67500
17,Employee_00017,Operations,115500
18,Employee_00018,QA,56500
19,Employee_00019,DevOps,46500
20,Employee_00020,Product,75500
21,Employee_00021,Engineering,106000
22,Employee_00022,HR,37000
23,Employee_00023,Finance,73500
24,Employee_00024,Sales,97500
25,Employee_00025,Marketing,52500
26,Employee_00026,Support,36000
27,Employee_00027,Operations,68500
28,Employee_00028,QA,66000
29,Employee_00029,DevOps,91000
30,Employee_00030,Product,92000
31,Employee_00031,Engineering,108000
32,Employee_00032,HR,116500
33,Employee_00033,Finance,83000
34,Employee_00034,Sales,30000
35,Employee_00035,Marketing,94500
36,Employee_00036,Support,91000
37,Employee_00037,Operations,67500
38,Employee_00038,QA,85000
39,Employee_00039,DevOps,117000
40,Employee_00040,Product,84500
41,Employee_00041,Engineering,31500
42,Employee_00042,HR,108000
43,Employee_00043,Finance,57500
44,Employee_00044,Sales,97000
45,Employee_00045,Marketing,119500
46,Employee_00046,Support,117000
47,Employee_00047,Operations,45000
48,Employee_00048,QA,67500
49,Employee_00049,DevOps,72500
50,Employee_00050,Product,32000
51,Employee_00051,Engineering,101000
52,Employee_00052,HR,50500
53,Employee_00053,Finance,62500
54,Employee_00054,Sales,101000
55,Employee_00055,Marketing,74000
56,Employee_00056,Support,37000
57,Employee_00057,Operations,108500
58,Employee_00058,QA,66500
59,Employee_00059,DevOps,92500
60,Employee_00060,Product,60500
61,Employee_00061,Engineering,62000
62,Employee_00062,HR,57500
63,Employee_00063,Finance,105000
64,Employee_00064,Sales,48000
65,Employee_00065,Marketing,51500
66,Employee_00066,Support,67000
67,Employee_00067,Operations,116500
68,Employee_00068,QA,97000
69,Employee_00069,DevOps,93000
70,Employee_00070,Product,71500
71,Employee_00071,Engineering,111000
72,Employee_00072,HR,102000
73,Employee_00073,Finance,73500
74,Employee_00074,Sales,80500
75,Employee_00075,Marketing,102500
76,Employee_00076,Support,69000
77,Employee_00077,Operations,86000
78,Employee_00078,QA,50500
79,Employee_00079,DevOps,60500
80,Employee_00080,Product,51000
81,Employee_00081,Engineering,43000
82,Employee_00082,HR,74000
83,Employee_00083,Finance,32500
84,Employee_00084,Sales,117500
85,Employee_00085,Marketing,112000
86,Employee_00086,Support,46500
87,Employee_00087,Operations,102500
88,Employee_00088,QA,38000
89,Employee_00089,DevOps,68500
90,Employee_00090,Product,94500
91,Employee_00091,Engineering,111500
92,Employee_00092,HR,58500
93,Employee_00093,Finance,60000
94,Employee_00094,Sales,118000
95,Employee_00095,Marketing,56000
96,Employee_00096,Support,39000
97,Employee_00097,Operations,43000
98,Employee_00098,QA,54500
99,Employee_00099,DevOps,81000
100,Employee_00100,Product,99000
101,Employee_00101,Engineering,70500
102,Employee_00102,HR,65000
103,Employee_00103,Finance,62000
104,Employee_00104,Sales,109500
105,Employee_00105,Marketing,58500
106,Employee_00106,Support,105000
107,Employee_00107,Operations,63000
108,Employee_00108,QA,81000
109,Employee_00109,DevOps,67500
110,Employee_00110,Product,47500
111,Employee_00111,Engineering,85000
112,Employee_00112,HR,100500
113,Employee_00113,Finance,80500
114,Employee_00114,Sales,46000
115,Employee_00115,Marketing,60500
116,Employee_00116,Support,105500
117,Employee_00117,Operations,95500
118,Employee_00118,QA,76500
119,Employee_00119,DevOps,66500
120,Employee_00120,Product,74000
121,Employee_00121,Engineering,59500
122,Employee_00122,HR,32500
123,Employee_00123,Finance,83000
124,Employee_00124,Sales,117000
125,Employee_00125,Marketing,70500
126,Employee_00126,Support,86000
127,Employee_00127,Operations,105500
128,Employee_00128,QA,107000
129,Employee_00129,DevOps,86500
130,Employee_00130,Product,37500
131,Employee_00131,Engineering,30000
132,Employee_00132,HR,108500
133,Employee_00133,Finance,31000
134,Employee_00134,Sales,47000
135,Employee_00135,Marketing,120000
136,Employee_00136,Support,119500
137,Employee_00137,Operations,45500
138,Employee_00138,QA,101000
139,Employee_00139,DevOps,42500
140,Employee_00140,Product,92500
141,Employee_00141,Engineering,60500
142,Employee_00142,HR,87000
143,Employee_00143,Finance,81500
144,Employee_00144,Sales,87000
145,Employee_00145,Marketing,43000
146,Employee_00146,Support,119500
147,Employee_00147,Operations,57000
148,Employee_00148,QA,81500
149,Employee_00149,DevOps,111000
150,Employee_00150,Product,99000
151,Employee_00151,Engineering,62500
152,Employee_00152,HR,69500
153,Employee_00153,Finance,93500
154,Employee_00154,Sales,100500
155,Employee_00155,Marketing,70000
156,Employee_00156,Support,78500
157,Employee_00157,Operations,89500
158,Employee_00158,QA,95000
159,Employee_00159,DevOps,45000
160,Employee_00160,Product,61000
161,Employee_00161,Engineering,62000
162,Employee_00162,HR,30000
163,Employee_00163,Finance,46000
164,Employee_00164,Sales,108500
165,Employee_00165,Marketing,37500
166,Employee_00166,Support,61000
167,Employee_00167,Operations,96000
168,Employee_00168,QA,48000
169,Employee_00169,DevOps,70500
170,Employee_00170,Product,77500
171,Employee_00171,Engineering,50000
172,Employee_00172,HR,41500
173,Employee_00173,Finance,54000
174,Employee_00174,Sales,91500
175,Employee_00175,Marketing,40500
176,Employee_00176,Support,56000
177,Employee_00177,Operations,30000
178,Employee_00178,QA,91500
179,Employee_00179,DevOps,85500
180,Employee_00180,Product,83000
181,Employee_00181,Engineering,36000
182,Employee_00182,HR,87000
183,Employee_00183,Finance,91000
184,Employee_00184,Sales,114000
185,Employee_00185,Marketing,105500
186,Employee_00186,Support,62000
187,Employee_00187,Operations,112500
188,Employee_00188,QA,104500
189,Employee_00189,DevOps,86000
190,Employee_00190,Product,70000
191,Employee_00191,Engineering,54000
192,Employee_00192,HR,34000
193,Employee_00193,Finance,37500
194,Employee_00194,Sales,84000
195,Employee_00195,Marketing,43500
196,Employee_00196,Support,70500
197,Employee_00197,Operations,104000
198,Employee_00198,QA,64000
199,Employee_00199,DevOps,66000
200,Employee_00200,Product,109000
201,Employee_00201,Engineering,86000
202,Employee_00202,HR,65000
203,Employee_00203,Finance,63500
204,Employee_00204,Sales,97000
205,Employee_00205,Marketing,39000
206,Employee_00206,Support,91500
207,Employee_00207,Operations,30000
208,Employee_00208,QA,95000
209,Employee_00209,DevOps,71000
210,Employee_00210,Product,47000
211,Employee_00211,Engineering,110500
212,Employee_00212,HR,71000
213,Employee_00213,Finance,82500
214,Employee_00214,Sales,79500
215,Employee_00215,Marketing,30000
216,Employee_00216,Support,69500
217,Employee_00217,Operations,78500
218,Employee_00218,QA,109500
219,Employee_00219,DevOps,66500
220,Employee_00220,Product,74500
221,Employee_00221,Engineering,111000
222,Employee_00222,HR,96500
223,Employee_00223,Finance,92000
224,Employee_00224,Sales,63500
225,Employee_00225,Marketing,101000
226,Employee_00226,Support,118500
227,Employee_00227,Operations,46500
228,Employee_00228,QA,113000
229,Employee_00229,DevOps,35500
230,Employee_00230,Product,63000
231,Employee_00231,Engineering,95000
232,Employee_00232,HR,109000
233,Employee_00233,Finance,64000
234,Employee_00234,Sales,82000
235,Employee_00235,Marketing,86000
236,Employee_00236,Support,118000
237,Employee_00237,Operations,73500
238,Employee_00238,QA,54500
239,Employee_00239,DevOps,103000
240,Employee_00240,Product,101000
241,Employee_00241,Engineering,63500
242,Employee_00242,HR,58000
243,Employee_00243,Finance,47500
244,Employee_00244,Sales,76000
245,Employee_00245,Marketing,45500
246,Employee_00246,Support,76500
247,Employee_00247,Operations,31500
248,Employee_00248,QA,74500
249,Employee_00249,DevOps,102500
250,Employee_00250,Product,48500
251,Employee_00251,Engineering,47000
252,Employee_00252,HR,67000
253,Employee_00253,Finance,65000
254,Employee_00254,Sales,85000
255,Employee_00255,Marketing,82000
256,Employee_00256,Support,53000
257,Employee_00257,Operations,66000
258,Employee_00258,QA,47500
259,Employee_00259,DevOps,107000
260,Employee_00260,Product,48000
261,Employee_00261,Engineering,103000
262,Employee_00262,HR,66500
263,Employee_00263,Finance,35000
264,Employee_00264,Sales,32500
265,Employee_00265,Marketing,52000
266,Employee_00266,Support,89500
267,Employee_00267,Operations,56500
268,Employee_00268,QA,36500
269,Employee_00269,DevOps,79000
270,Employee_00270,Product,46000
271,Employee_00271,Engineering,36500
272,Employee_00272,HR,109000
273,Employee_00273,Finance,81000
274,Employee_00274,Sales,84500
275,Employee_00275,Marketing,40500
276,Employee_00276,Support,90000
277,Employee_00277,Operations,52500
278,Employee_00278,QA,98500
279,Employee_00279,DevOps,47000
280,Employee_00280,Product,119500
281,Employee_00281,Engineering,61000
282,Employee_00282,HR,67000
283,Employee_00283,Finance,101500
284,Employee_00284,Sales,80000
285,Employee_00285,Marketing,85500
286,Employee_00286,Support,96500
287,Employee_00287,Operations,70500
288,Employee_00288,QA,82000
289,Employee_00289,DevOps,70000
290,Employee_00290,Product,85500
291,Employee_00291,Engineering,30000
292,Employee_00292,HR,31000
293,Employee_00293,Finance,81000
294,Employee_00294,Sales,114000
295,Employee_00295,Marketing,71500
296,Employee_00296,Support,85500
297,Employee_00297,Operations,111500
298,Employee_00298,QA,73000
299,Employee_00299,DevOps,50500
300,Employee_00300,Product,114500
301,Employee_00301,Engineering,106000
302,Employee_00302,HR,60500
303,Employee_00303,Finance,95000
304,Employee_00304,Sales,77000
305,Employee_00305,Marketing,36000
306,Employee_00306,Support,55000
307,Employee_00307,Operations,58500
308,Employee_00308,QA,32500
309,Employee_00309,DevOps,81000
310,Employee_00310,Product,83500
311,Employee_00311,Engineering,34000
312,Employee_00312,HR,105500
313,Employee_00313,Finance,94500
314,Employee_00314,Sales,47000
315,Employee_00315,Marketing,107500
316,Employee_00316,Support,111000
317,Employee_00317,Operations,96500
318,Employee_00318,QA,72500
319,Employee_00319,DevOps,30000
320,Employee_00320,Product,57000
321,Employee_00321,Engineering,84000
322,Employee_00322,HR,105000
323,Employee_00323,Finance,77000
324,Employee_00324,Sales,88500
325,Employee_00325,Marketing,120000
326,Employee_00326,Support,73500
327,Employee_00327,Operations,56000
328,Employee_00328,QA,109500
329,Employee_00329,DevOps,101000
330,Employee_00330,Product,33000
331,Employee_00331,Engineering,105500
332,Employee_00332,HR,113500
333,Employee_00333,Finance,45000
334,Employee_00334,Sales,86500
335,Employee_00335,Marketing,102500
336,Employee_00336,Support,104500
337,Employee_00337,Operations,107000
338,Employee_00338,QA,78000
339,Employee_00339,DevOps,91000
340,Employee_00340,Product,58000
341,Employee_00341,Engineering,111500
342,Employee_00342,HR,82000
343,Employee_00343,Finance,78000
344,Employee_00344,Sales,110000
345,Employee_00345,Marketing,37500
346,Employee_00346,Support,56500
347,Employee_00347,Operations,38500
348,Employee_00348,QA,42500
349,Employee_00349,DevOps,56000
350,Employee_00350,Product,90500
351,Employee_00351,Engineering,100000
352,Employee_00352,HR,42500
353,Employee_00353,Finance,58500
354,Employee_00354,Sales,92000
355,Employee_00355,Marketing,106000
356,Employee_00356,Support,103500
357,Employee_00357,Operations,31000
358,Employee_00358,QA,82500
359,Employee_00359,DevOps,76500
360,Employee_00360,Product,34000
361,Employee_00361,Engineering,48000
362,Employee_00362,HR,52500
363,Employee_00363,Finance,61500
364,Employee_00364,Sales,49000
365,Employee_00365,Marketing,115000
366,Employee_00366,Support,65500
367,Employee_00367,Operations,118000
368,Employee_00368,QA,58500
369,Employee_00369,DevOps,67500
370,Employee_00370,Product,86500
371,Employee_00371,Engineering,102000
372,Employee_00372,HR,43000
373,Employee_00373,Finance,56000
374,Employee_00374,Sales,71500
375,Employee_00375,Marketing,83500
376,Employee_00376,Support,51500
377,Employee_00377,Operations,55000
378,Employee_00378,QA,105000
379,Employee_00379,DevOps,84500
380,Employee_00380,Product,40500
381,Employee_00381,Engineering,43000
382,Employee_00382,HR,34500
383,Employee_00383,Finance,70000
384,Employee_00384,Sales,54500
385,Employee_00385,Marketing,75000
386,Employee_00386,Support,51000
387,Employee_00387,Operations,112500
388,Employee_00388,QA,63500
389,Employee_00389,DevOps,30000
390,Employee_00390,Product,35500
391,Employee_00391,Engineering,105000
392,Employee_00392,HR,102000
393,Employee_00393,Finance,54000
394,Employee_00394,Sales,57500
395,Employee_00395,Marketing,102000
396,Employee_00396,Support,44000
397,Employee_00397,Operations,86500
398,Employee_00398,QA,30000
399,Employee_00399,DevOps,120000
400,Employee_00400,Product,113500
401,Employee_00401,Engineering,84000
402,Employee_00402,HR,77500
403,Employee_00403,Finance,75500
404,Employee_00404,Sales,89000
405,Employee_00405,Marketing,87000
406,Employee_00406,Support,37500
407,Employee_00407,Operations,92000
408,Employee_00408,QA,116500
409,Employee_00409,DevOps,35000
410,Employee_00410,Product,69000
411,Employee_00411,Engineering,91500
412,Employee_00412,HR,42000
413,Employee_00413,Finance,70000
414,Employee_00414,Sales,113500
415,Employee_00415,Marketing,95500
416,Employee_00416,Support,97500
417,Employee_00417,Operations,97000
418,Employee_00418,QA,93000
419,Employee_00419,DevOps,76000
420,Employee_00420,Product,115500
421,Employee_00421,Engineering,44000
422,Employee_00422,HR,56000
423,Employee_00423,Finance,81000
424,Employee_00424,Sales,92500
425,Employee_00425,Marketing,90500
426,Employee_00426,Support,95500
427,Employee_00427,Operations,36000
428,Employee_00428,QA,105000
429,Employee_00429,DevOps,86500
430,Employee_00430,Product,35500
431,Employee_00431,Engineering,50500
432,Employee_00432,HR,104000
433,Employee_00433,Finance,93500
434,Employee_00434,Sales,38500
435,Employee_00435,Marketing,66500
436,Employee_00436,Support,112500
437,Employee_00437,Operations,93000
438,Employee_00438,QA,108000
439,Employee_00439,DevOps,67000
440,Employee_00440,Product,59500
441,Employee_00441,Engineering,105500
442,Employee_00442,HR,60500
443,Employee_00443,Finance,33500
444,Employee_00444,Sales,66500
445,Employee_00445,Marketing,71000
446,Employee_00446,Support,32500
447,Employee_00447,Operations,55500
448,Employee_00448,QA,82500
449,Employee_00449,DevOps,94500
450,Employee_00450,Product,74500
451,Employee_00451,Engineering,78500
452,Employee_00452,HR,67000
453,Employee_00453,Finance,57500
454,Employee_00454,Sales,49500
455,Employee_00455,Marketing,114500
456,Employee_00456,Support,93500
457,Employee_00457,Operations,71500
458,Employee_00458,QA,44500
459,Employee_00459,DevOps,114000
460,Employee_00460,Product,40500
461,Employee_00461,Engineering,57000
462,Employee_00462,HR,82500
463,Employee_00463,Finance,33000
464,Employee_00464,Sales,33000
465,Employee_00465,Marketing,85000
466,Employee_00466,Support,95500
467,Employee_00467,Operations,75000
468,Employee_00468,QA,68500
469,Employee_00469,DevOps,113500
470,Employee_00470,Product,87000
471,Employee_00471,Engineering,66000
472,Employee_00472,HR,97000
473,Employee_00473,Finance,53500
474,Employee_00474,Sales,41000
475,Employee_00475,Marketing,56500
476,Employee_00476,Support,50500
477,Employee_00477,Operations,71500
478,Employee_00478,QA,39000
479,Employee_00479,DevOps,59500
480,Employee_00480,Product,106000
481,Employee_00481,Engineering,100500
482,Employee_00482,HR,80500
483,Employee_00483,Finance,83500
484,Employee_00484,Sales,90000
485,Employee_00485,Marketing,109000
486,Employee_00486,Support,68500
487,Employee_00487,Operations,40500
488,Employee_00488,QA,92500
489,Employee_00489,DevOps,63000
490,Employee_00490,Product,49000
491,Employee_00491,Engineering,79500
492,Employee_00492,HR,78000
493,Employee_00493,Finance,31500
494,Employee_00494,Sales,94000
495,Employee_00495,Marketing,113500
496,Employee_00496,Support,64500
497,Employee_00497,Operations,106000
498,Employee_00498,QA,106500
499,Employee_00499,DevOps,76000
500,Employee_00500,Product,86000
501,Employee_00501,Engineering,52500
502,Employee_00502,HR,87500
503,Employee_00503,Finance,42000
504,Employee_00504,Sales,33500
505,Employee_00505,Marketing,63000
506,Employee_00506,Support,110000
507,Employee_00507,Operations,100000
508,Employee_00508,QA,108500
509,Employee_00509,DevOps,48000
510,Employee_00510,Product,65500
511,Employee_00511,Engineering,59000
512,Employee_00512,HR,117500
513,Employee_00513,Finance,116000
514,Employee_00514,Sales,30500
515,Employee_00515,Marketing,79500
516,Employee_00516,Support,63000
517,Employee_00517,Operations,48500
518,Employee_00518,QA,37500
519,Employee_00519,DevOps,113000
520,Employee_00520,Product,96500
521,Employee_00521,Engineering,55000
522,Employee_00522,HR,43000
523,Employee_00523,Finance,89500
524,Employee_00524,Sales,42000
525,Employee_00525,Marketing,117000
526,Employee_00526,Support,43000
527,Employee_00527,Operations,71000
528,Employee_00528,QA,43000
529,Employee_00529,DevOps,67500
530,Employee_00530,Product,49500
531,Employee_00531,Engineering,104500
532,Employee_00532,HR,114500
533,Employee_00533,Finance,117500
534,Employee_00534,Sales,96500
535,Employee_00535,Marketing,96000
536,Employee_00536,Support,71500
537,Employee_00537,Operations,69500
538,Employee_00538,QA,37000
539,Employee_00539,DevOps,80500
540,Employee_00540,Product,110000
541,Employee_00541,Engineering,34500
542,Employee_00542,HR,47500
543,Employee_00543,Finance,98500
544,Employee_00544,Sales,97500
545,Employee_00545,Marketing,67000
546,Employee_00546,Support,116500
547,Employee_00547,Operations,47500
548,Employee_00548,QA,108000
549,Employee_00549,DevOps,77000
550,Employee_00550,Product,70500
551,Employee_00551,Engineering,66500
552,Employee_00552,HR,46000
553,Employee_00553,Finance,70500
554,Employee_00554,Sales,59500
555,Employee_00555,Marketing,72500
556,Employee_00556,Support,31000
557,Employee_00557,Operations,95500
558,Employee_00558,QA,48500
559,Employee_00559,DevOps,119000
560,Employee_00560,Product,85000
561,Employee_00561,Engineering,118500
562,Employee_00562,HR,87500
563,Employee_00563,Finance,35500
564,Employee_00564,Sales,39500
565,Employee_00565,Marketing,56000
566,Employee_00566,Support,61000
567,Employee_00567,Operations,97000
568,Employee_00568,QA,77000
569,Employee_00569,DevOps,104500
570,Employee_00570,Product,114000
571,Employee_00571,Engineering,117000
572,Employee_00572,HR,99500
573,Employee_00573,Finance,45500
574,Employee_00574,Sales,47000
575,Employee_00575,Marketing,94500
576,Employee_00576,Support,82500
577,Employee_00577,Operations,115000
578,Employee_00578,QA,30000
579,Employee_00579,DevOps,39000
580,Employee_00580,Product,66000
581,Employee_00581,Engineering,88500
582,Employee_00582,HR,85000
583,Employee_00583,Finance,57000
584,Employee_00584,Sales,32000
585,Employee_00585,Marketing,56000
586,Employee_00586,Support,51000
587,Employee_00587,Operations,51500
588,Employee_00588,QA,116500
589,Employee_00589,DevOps,82000
590,Employee_00590,Product,76500
591,Employee_00591,Engineering,119000
592,Employee_00592,HR,32000
593,Employee_00593,Finance,38500
594,Employee_00594,Sales,76500
595,Employee_00595,Marketing,81000
596,Employee_00596,Support,62500
597,Employee_00597,Operations,37000
598,Employee_00598,QA,93000
599,Employee_00599,DevOps,94500
600,Employee_00600,Product,36500
601,Employee_00601,Engineering,33000
602,Employee_00602,HR,119000
603,Employee_00603,Finance,83000
604,Employee_00604,Sales,70500
605,Employee_00605,Marketing,81500
606,Employee_00606,Support,82000
607,Employee_00607,Operations,117500
608,Employee_00608,QA,37000
609,Employee_00609,DevOps,92500
610,Employee_00610,Product,33500
611,Employee_00611,Engineering,75000
612,Employee_00612,HR,92500
613,Employee_00613,Finance,90500
614,Employee_00614,Sales,97000
615,Employee_00615,Marketing,86500
616,Employee_00616,Support,73000
617,Employee_00617,Operations,95500
618,Employee_00618,QA,80000
619,Employee_00619,DevOps,68000
620,Employee_00620,Product,73500
621,Employee_00621,Engineering,68000
622,Employee_00622,HR,119500
623,Employee_00623,Finance,61000
624,Employee_00624,Sales,49500
625,Employee_00625,Marketing,102500
626,Employee_00626,Support,86500
627,Employee_00627,Operations,35500
628,Employee_00628,QA,62500
629,Employee_00629,DevOps,115500
630,Employee_00630,Product,32500
631,Employee_00631,Engineering,30500
632,Employee_00632,HR,113000
633,Employee_00633,Finance,118000
634,Employee_00634,Sales,95500
635,Employee_00635,Marketing,37500
636,Employee_00636,Support,90000
637,Employee_00637,Operations,40500
638,Employee_00638,QA,44000
639,Employee_00639,DevOps,32500
640,Employee_00640,Product,31500
641,Employee_00641,Engineering,98000
642,Employee_00642,HR,100000
643,Employee_00643,Finance,107000
644,Employee_00644,Sales,88500
645,Employee_00645,Marketing,70500
646,Employee_00646,Support,40000
647,Employee_00647,Operations,75500
648,Employee_00648,QA,105000
649,Employee_00649,DevOps,33000
650,Employee_00650,Product,96000
651,Employee_00651,Engineering,65500
652,Employee_00652,HR,97000
653,Employee_00653,Finance,88500
654,Employee_00654,Sales,106000
655,Employee_00655,Marketing,86500
656,Employee_00656,Support,81000
657,Employee_00657,Operations,44500
658,Employee_00658,QA,88000
659,Employee_00659,DevOps,43500
660,Employee_00660,Product,52500
661,Employee_00661,Engineering,42500
662,Employee_00662,HR,106000
663,Employee_00663,Finance,83000
664,Employee_00664,Sales,39000
665,Employee_00665,Marketing,40500
666,Employee_00666,Support,32500
667,Employee_00667,Operations,87500
668,Employee_00668,QA,47000
669,Employee_00669,DevOps,63500
670,Employee_00670,Product,53000
671,Employee_00671,Engineering,43500
672,Employee_00672,HR,30000
673,Employee_00673,Finance,71500
674,Employee_00674,Sales,119000
675,Employee_00675,Marketing,109000
676,Employee_00676,Support,31000
677,Employee_00677,Operations,44000
678,Employee_00678,QA,84500
679,Employee_00679,DevOps,65500
680,Employee_00680,Product,93000
681,Employee_00681,Engineering,115000
682,Employee_00682,HR,102500
683,Employee_00683,Finance,118000
684,Employee_00684,Sales,76000
685,Employee_00685,Marketing,99500
686,Employee_00686,Support,58000
687,Employee_00687,Operations,118500
688,Employee_00688,QA,79000
689,Employee_00689,DevOps,102500
690,Employee_00690,Product,64000
691,Employee_00691,Engineering,103000
692,Employee_00692,HR,117000
693,Employee_00693,Finance,113500
694,Employee_00694,Sales,84500
695,Employee_00695,Marketing,81000
696,Employee_00696,Support,34000
697,Employee_00697,Operations,69500
698,Employee_00698,QA,79500
699,Employee_00699,DevOps,65500
700,Employee_00700,Product,62500
701,Employee_00701,Engineering,73000
702,Employee_00702,HR,56500
703,Employee_00703,Finance,107500
704,Employee_00704,Sales,39500
705,Employee_00705,Marketing,30000
706,Employee_00706,Support,69500
707,Employee_00707,Operations,63500
708,Employee_00708,QA,34500
709,Employee_00709,DevOps,41500
710,Employee_00710,Product,33000
711,Employee_00711,Engineering,118000
712,Employee_00712,HR,88500
713,Employee_00713,Finance,50500
714,Employee_00714,Sales,120000
715,Employee_00715,Marketing,58500
716,Employee_00716,Support,38500
717,Employee_00717,Operations,102000
718,Employee_00718,QA,52500
719,Employee_00719,DevOps,69500
720,Employee_00720,Product,108500
721,Employee_00721,Engineering,83000
722,Employee_00722,HR,98500
723,Employee_00723,Finance,100000
724,Employee_00724,Sales,52500
725,Employee_00725,Marketing,90000
726,Employee_00726,Support,119000
727,Employee_00727,Operations,110500
728,Employee_00728,QA,64000
729,Employee_00729,DevOps,44500
730,Employee_00730,Product,72000
731,Employee_00731,Engineering,34000
732,Employee_00732,HR,66500
733,Employee_00733,Finance,84000
734,Employee_00734,Sales,78500
735,Employee_00735,Marketing,105500
736,Employee_00736,Support,115500
737,Employee_00737,Operations,69000
738,Employee_00738,QA,78000
739,Employee_00739,DevOps,85000
740,Employee_00740,Product,108500
741,Employee_00741,Engineering,52500
742,Employee_00742,HR,83000
743,Employee_00743,Finance,112500
744,Employee_00744,Sales,44000
745,Employee_00745,Marketing,120000
746,Employee_00746,Support,77000
747,Employee_00747,Operations,30000
748,Employee_00748,QA,103500
749,Employee_00749,DevOps,94000
750,Employee_00750,Product,89000
751,Employee_00751,Engineering,80000
752,Employee_00752,HR,113000
753,Employee_00753,Finance,48000
754,Employee_00754,Sales,96000
755,Employee_00755,Marketing,80500
756,Employee_00756,Support,57000
757,Employee_00757,Operations,84000
758,Employee_00758,QA,72500
759,Employee_00759,DevOps,33500
760,Employee_00760,Product,60000
761,Employee_00761,Engineering,41500
762,Employee_00762,HR,33500
763,Employee_00763,Finance,42000
764,Employee_00764,Sales,80000
765,Employee_00765,Marketing,89000
766,Employee_00766,Support,86000
767,Employee_00767,Operations,33000
768,Employee_00768,QA,78500
769,Employee_00769,DevOps,81500
770,Employee_00770,Product,68500
771,Employee_00771,Engineering,40000
772,Employee_00772,HR,34000
773,Employee_00773,Finance,110000
774,Employee_00774,Sales,103500
775,Employee_00775,Marketing,49500
776,Employee_00776,Support,62000
777,Employee_00777,Operations,101000
778,Employee_00778,QA,101000
779,Employee_00779,DevOps,79000
780,Employee_00780,Product,30500
781,Employee_00781,Engineering,44000
782,Employee_00782,HR,49500
783,Employee_00783,Finance,55500
784,Employee_00784,Sales,101500
785,Employee_00785,Marketing,78000
786,Employee_00786,Support,90500
787,Employee_00787,Operations,51500
788,Employee_00788,QA,96000
789,Employee_00789,DevOps,114000
790,Employee_00790,Product,30000
791,Employee_00791,Engineering,68000
792,Employee_00792,HR,35000
793,Employee_00793,Finance,114000
794,Employee_00794,Sales,109000
795,Employee_00795,Marketing,97000
796,Employee_00796,Support,74000
797,Employee_00797,Operations,31000
798,Employee_00798,QA,114000
799,Employee_00799,DevOps,106500
800,Employee_00800,Product,76500
801,Employee_00801,Engineering,102500
802,Employee_00802,HR,120000
803,Employee_00803,Finance,65500
804,Employee_00804,Sales,75000
805,Employee_00805,Marketing,43500
806,Employee_00806,Support,35000
807,Employee_00807,Operations,84500
808,Employee_00808,QA,110500
809,Employee_00809,DevOps,108000
810,Employee_00810,Product,59000
811,Employee_00811,Engineering,53500
812,Employee_00812,HR,107500
813,Employee_00813,Finance,41500
814,Employee_00814,Sales,31000
815,Employee_00815,Marketing,111500
816,Employee_00816,Support,71500
817,Employee_00817,Operations,35500
818,Employee_00818,QA,61000
819,Employee_00819,DevOps,91500
820,Employee_00820,Product,60000
821,Employee_00821,Engineering,59000
822,Employee_00822,HR,84000
823,Employee_00823,Finance,48000
824,Employee_00824,Sales,87000
825,Employee_00825,Marketing,78500
826,Employee_00826,Support,97500
827,Employee_00827,Operations,92500
828,Employee_00828,QA,48500
829,Employee_00829,DevOps,55500
830,Employee_00830,Product,96500
831,Employee_00831,Engineering,47000
832,Employee_00832,HR,93500
833,Employee_00833,Finance,71500
834,Employee_00834,Sales,107500
835,Employee_00835,Marketing,105500
836,Employee_00836,Support,75500
837,Employee_00837,Operations,116000
838,Employee_00838,QA,49000
839,Employee_00839,DevOps,31000
840,Employee_00840,Product,40500
841,Employee_00841,Engineering,96500
842,Employee_00842,HR,56000
843,Employee_00843,Finance,116000
844,Employee_00844,Sales,63500
845,Employee_00845,Marketing,56500
846,Employee_00846,Support,55500
847,Employee_00847,Operations,93000
848,Employee_00848,QA,32500
849,Employee_00849,DevOps,39000
850,Employee_00850,Product,117000
851,Employee_00851,Engineering,86000
852,Employee_00852,HR,93000
853,Employee_00853,Finance,76000
854,Employee_00854,Sales,33000
855,Employee_00855,Marketing,39500
856,Employee_00856,Support,39000
857,Employee_00857,Operations,111000
858,Employee_00858,QA,39500
859,Employee_00859,DevOps,58000
860,Employee_00860,Product,105500
861,Employee_00861,Engineering,113500
862,Employee_00862,HR,60000
863,Employee_00863,Finance,58000
864,Employee_00864,Sales,107500
865,Employee_00865,Marketing,75000
866,Employee_00866,Support,66500
867,Employee_00867,Operations,49000
868,Employee_00868,QA,71000
869,Employee_00869,DevOps,32500
870,Employee_00870,Product,92000
871,Employee_00871,Engineering,78000
872,Employee_00872,HR,115000
873,Employee_00873,Finance,98000
874,Employee_00874,Sales,70000
875,Employee_00875,Marketing,62000
876,Employee_00876,Support,104000
877,Employee_00877,Operations,72500
878,Employee_00878,QA,36500
879,Employee_00879,DevOps,41500
880,Employee_00880,Product,91000
881,Employee_00881,Engineering,49000
882,Employee_00882,HR,48500
883,Employee_00883,Finance,60000
884,Employee_00884,Sales,59000
885,Employee_00885,Marketing,114000
886,Employee_00886,Support,59000
887,Employee_00887,Operations,111500
888,Employee_00888,QA,64500
889,Employee_00889,DevOps,63500
890,Employee_00890,Product,82500
891,Employee_00891,Engineering,53000
892,Employee_00892,HR,82500
893,Employee_00893,Finance,103000
894,Employee_00894,Sales,65000
895,Employee_00895,Marketing,113500
896,Employee_00896,Support,107000
897,Employee_00897,Operations,112500
898,Employee_00898,QA,50500
899,Employee_00899,DevOps,109500
900,Employee_00900,Product,99500
901,Employee_00901,Engineering,69000
902,Employee_00902,HR,93000
903,Employee_00903,Finance,59000
904,Employee_00904,Sales,116500
905,Employee_00905,Marketing,59000
906,Employee_00906,Support,46000
907,Employee_00907,Operations,102500
908,Employee_00908,QA,68000
909,Employee_00909,DevOps,70000
910,Employee_00910,Product,58000
911,Employee_00911,Engineering,65000
912,Employee_00912,HR,114500
913,Employee_00913,Finance,73500
914,Employee_00914,Sales,118500
915,Employee_00915,Marketing,48000
916,Employee_00916,Support,42500
917,Employee_00917,Operations,74000
918,Employee_00918,QA,81000
919,Employee_00919,DevOps,110500
920,Employee_00920,Product,60000
921,Employee_00921,Engineering,64500
922,Employee_00922,HR,54500
923,Employee_00923,Finance,37000
924,Employee_00924,Sales,109000
925,Employee_00925,Marketing,40000
926,Employee_00926,Support,115500
927,Employee_00927,Operations,35000
928,Employee_00928,QA,89500
929,Employee_00929,DevOps,107000
930,Employee_00930,Product,59000
931,Employee_00931,Engineering,63500
932,Employee_00932,HR,85500
933,Employee_00933,Finance,31500
934,Employee_00934,Sales,110500
935,Employee_00935,Marketing,33000
936,Employee_00936,Support,36000
937,Employee_00937,Operations,58000
938,Employee_00938,QA,67500
939,Employee_00939,DevOps,104000
940,Employee_00940,Product,57000
941,Employee_00941,Engineering,58000
942,Employee_00942,HR,85000
943,Employee_00943,Finance,95000
944,Employee_00944,Sales,107000
945,Employee_00945,Marketing,60000
946,Employee_00946,Support,64500
947,Employee_00947,Operations,47500
948,Employee_00948,QA,52500
949,Employee_00949,DevOps,71000
950,Employee_00950,Product,119000
951,Employee_00951,Engineering,91000
952,Employee_00952,HR,50000
953,Employee_00953,Finance,100000
954,Employee_00954,Sales,94500
955,Employee_00955,Marketing,88500
956,Employee_00956,Support,76500
957,Employee_00957,Operations,97000
958,Employee_00958,QA,118000
959,Employee_00959,DevOps,105000
960,Employee_00960,Product,111500
961,Employee_00961,Engineering,37500
962,Employee_00962,HR,98500
963,Employee_00963,Finance,107500
964,Employee_00964,Sales,108500
965,Employee_00965,Marketing,71000
966,Employee_00966,Support,118000
967,Employee_00967,Operations,99500
968,Employee_00968,QA,40000
969,Employee_00969,DevOps,87000
970,Employee_00970,Product,71500
971,Employee_00971,Engineering,111000
972,Employee_00972,HR,85500
973,Employee_00973,Finance,78000
974,Employee_00974,Sales,78000
975,Employee_00975,Marketing,78500
976,Employee_00976,Support,77000
977,Employee_00977,Operations,91000
978,Employee_00978,QA,68000
979,Employee_00979,DevOps,76500
980,Employee_00980,Product,108500
981,Employee_00981,Engineering,31500
982,Employee_00982,HR,34500
983,Employee_00983,Finance,117500
984,Employee_00984,Sales,46500
985,Employee_00985,Marketing,112500
986,Employee_00986,Support,106000
987,Employee_00987,Operations,82500
988,Employee_00988,QA,110500
989,Employee_00989,DevOps,77500
990,Employee_00990,Product,87500
991,Employee_00991,Engineering,81000
992,Employee_00992,HR,48500
993,Employee_00993,Finance,102500
994,Employee_00994,Sales,30000
995,Employee_00995,Marketing,105000
996,Employee_00996,Support,31000
997,Employee_00997,Operations,86000
998,Employee_00998,QA,40500
999,Employee_00999,DevOps,94500
1000,Employee_01000,Product,87000
1001,Employee_01001,Engineering,58000
1002,Employee_01002,HR,119500
1003,Employee_01003,Finance,43000
1004,Employee_01004,Sales,70000
1005,Employee_01005,Marketing,113500
1006,Employee_01006,Support,58500
1007,Employee_01007,Operations,89500
1008,Employee_01008,QA,35500
1009,Employee_01009,DevOps,34000
1010,Employee_01010,Product,112500
1011,Employee_01011,Engineering,45500
1012,Employee_01012,HR,113000
1013,Employee_01013,Finance,93500
1014,Employee_01014,Sales,70500
1015,Employee_01015,Marketing,81000
1016,Employee_01016,Support,56000
1017,Employee_01017,Operations,69000
1018,Employee_01018,QA,35500
1019,Employee_01019,DevOps,60000
1020,Employee_01020,Product,118500
1021,Employee_01021,Engineering,49500
1022,Employee_01022,HR,39500
1023,Employee_01023,Finance,80000
1024,Employee_01024,Sales,105500
1025,Employee_01025,Marketing,50000
1026,Employee_01026,Support,59000
1027,Employee_01027,Operations,116500
1028,Employee_01028,QA,50500
1029,Employee_01029,DevOps,111000
1030,Employee_01030,Product,91500
1031,Employee_01031,Engineering,70000
1032,Employee_01032,HR,72500
1033,Employee_01033,Finance,103500
1034,Employee_01034,Sales,80500
1035,Employee_01035,Marketing,44500
1036,Employee_01036,Support,115500
1037,Employee_01037,Operations,35500
1038,Employee_01038,QA,58500
1039,Employee_01039,DevOps,43500
1040,Employee_01040,Product,47000
1041,Employee_01041,Engineering,62000
1042,Employee_01042,HR,59000
1043,Employee_01043,Finance,58500
1044,Employee_01044,Sales,87000
1045,Employee_01045,Marketing,38500
1046,Employee_01046,Support,37000
1047,Employee_01047,Operations,112000
1048,Employee_01048,QA,39000
1049,Employee_01049,DevOps,70500
1050,Employee_01050,Product,63500
1051,Employee_01051,Engineering,114500
1052,Employee_01052,HR,114500
1053,Employee_01053,Finance,75000
1054,Employee_01054,Sales,36500
1055,Employee_01055,Marketing,100500
1056,Employee_01056,Support,111500
1057,Employee_01057,Operations,54500
1058,Employee_01058,QA,84500
1059,Employee_01059,DevOps,98500
1060,Employee_01060,Product,84500
1061,Employee_01061,Engineering,42500
1062,Employee_01062,HR,91000
1063,Employee_01063,Finance,88500
1064,Employee_01064,Sales,42500
1065,Employee_01065,Marketing,58000
1066,Employee_01066,Support,108000
1067,Employee_01067,Operations,87000
1068,Employee_01068,QA,54500
1069,Employee_01069,DevOps,90000
1070,Employee_01070,Product,53000
1071,Employee_01071,Engineering,100000
1072,Employee_01072,HR,83500
1073,Employee_01073,Finance,107000
1074,Employee_01074,Sales,77000
1075,Employee_01075,Marketing,63500
1076,Employee_01076,Support,42000
1077,Employee_01077,Operations,94000
1078,Employee_01078,QA,85000
1079,Employee_01079,DevOps,111500
1080,Employee_01080,Product,58500
1081,Employee_01081,Engineering,38000
1082,Employee_01082,HR,94500
1083,Employee_01083,Finance,61000
1084,Employee_01084,Sales,97000
1085,Employee_01085,Marketing,58000
1086,Employee_01086,Support,103500
1087,Employee_01087,Operations,60500
1088,Employee_01088,QA,76000
1089,Employee_01089,DevOps,93000
1090,Employee_01090,Product,86000
1091,Employee_01091,Engineering,89000
1092,Employee_01092,HR,99000
1093,Employee_01093,Finance,61500
1094,Employee_01094,Sales,39500
1095,Employee_01095,Marketing,34000
1096,Employee_01096,Support,48500
1097,Employee_01097,Operations,53500
1098,Employee_01098,QA,112000
1099,Employee_01099,DevOps,115500
1100,Employee_01100,Product,112000
1101,Employee_01101,Engineering,50500
1102,Employee_01102,HR,88000
1103,Employee_01103,Finance,79500
1104,Employee_01104,Sales,102500
1105,Employee_01105,Marketing,118500
1106,Employee_01106,Support,114500
1107,Employee_01107,Operations,66500
1108,Employee_01108,QA,98500
1109,Employee_01109,DevOps,118000
1110,Employee_01110,Product,101000
1111,Employee_01111,Engineering,54500
1112,Employee_01112,HR,76000
1113,Employee_01113,Finance,62500
1114,Employee_01114,Sales,105000
1115,Employee_01115,Marketing,93500
1116,Employee_01116,Support,119000
1117,Employee_01117,Operations,36500
1118,Employee_01118,QA,56000
1119,Employee_01119,DevOps,92000
1120,Employee_01120,Product,107000
1121,Employee_01121,Engineering,34000
1122,Employee_01122,HR,51000
1123,Employee_01123,Finance,68500
1124,Employee_01124,Sales,38000
1125,Employee_01125,Marketing,112500
1126,Employee_01126,Support,33000
1127,Employee_01127,Operations,80000
1128,Employee_01128,QA,96000
1129,Employee_01129,DevOps,31000
1130,Employee_01130,Product,99000
1131,Employee_01131,Engineering,79000
1132,Employee_01132,HR,112000
1133,Employee_01133,Finance,107000
1134,Employee_01134,Sales,113000
1135,Employee_01135,Marketing,117000
1136,Employee_01136,Support,108000
1137,Employee_01137,Operations,74500
1138,Employee_01138,QA,45500
1139,Employee_01139,DevOps,88000
1140,Employee_01140,Product,117000
1141,Employee_01141,Engineering,37000
1142,Employee_01142,HR,118500
1143,Employee_01143,Finance,112000
1144,Employee_01144,Sales,118500
1145,Employee_01145,Marketing,66500
1146,Employee_01146,Support,59000
1147,Employee_01147,Operations,74000
1148,Employee_01148,QA,106000
1149,Employee_01149,DevOps,32500
1150,Employee_01150,Product,38500
1151,Employee_01151,Engineering,46000
1152,Employee_01152,HR,116000
1153,Employee_01153,Finance,62000
1154,Employee_01154,Sales,98000
1155,Employee_01155,Marketing,52000
1156,Employee_01156,Support,67000
1157,Employee_01157,Operations,111500
1158,Employee_01158,QA,58000
1159,Employee_01159,DevOps,72500
1160,Employee_01160,Product,101000
1161,Employee_01161,Engineering,74000
1162,Employee_01162,HR,54500
1163,Employee_01163,Finance,69500
1164,Employee_01164,Sales,32500
1165,Employee_01165,Marketing,85000
1166,Employee_01166,Support,34000
1167,Employee_01167,Operations,98500
1168,Employee_01168,QA,96500
1169,Employee_01169,DevOps,104500
1170,Employee_01170,Product,65000
1171,Employee_01171,Engineering,79500
1172,Employee_01172,HR,72000
1173,Employee_01173,Finance,98500
1174,Employee_01174,Sales,68500
1175,Employee_01175,Marketing,46000
1176,Employee_01176,Support,115500
1177,Employee_01177,Operations,67000
1178,Employee_01178,QA,91000
1179,Employee_01179,DevOps,36500
1180,Employee_01180,Product,63500
1181,Employee_01181,Engineering,55000
1182,Employee_01182,HR,46000
1183,Employee_01183,Finance,112500
1184,Employee_01184,Sales,78000
1185,Employee_01185,Marketing,113500
1186,Employee_01186,Support,70500
1187,Employee_01187,Operations,55500
1188,Employee_01188,QA,43500
1189,Employee_01189,DevOps,70000
1190,Employee_01190,Product,67500
1191,Employee_01191,Engineering,61500
1192,Employee_01192,HR,43000
1193,Employee_01193,Finance,58500
1194,Employee_01194,Sales,45000
1195,Employee_01195,Marketing,31500
1196,Employee_01196,Support,41000
1197,Employee_01197,Operations,70500
1198,Employee_01198,QA,57500
1199,Employee_01199,DevOps,100000
1200,Employee_01200,Product,34500
1201,Employee_01201,Engineering,110000
1202,Employee_01202,HR,62500
1203,Employee_01203,Finance,90000
1204,Employee_01204,Sales,84000
1205,Employee_01205,Marketing,37500
1206,Employee_01206,Support,62000
1207,Employee_01207,Operations,84500
1208,Employee_01208,QA,71500
1209,Employee_01209,DevOps,95500
1210,Employee_01210,Product,77500
1211,Employee_01211,Engineering,79500
1212,Employee_01212,HR,71000
1213,Employee_01213,Finance,55500
1214,Employee_01214,Sales,60000
1215,Employee_01215,Marketing,113000
1216,Employee_01216,Support,69000
1217,Employee_01217,Operations,91500
1218,Employee_01218,QA,31500
1219,Employee_01219,DevOps,87500
1220,Employee_01220,Product,42000
1221,Employee_01221,Engineering,69500
1222,Employee_01222,HR,37500
1223,Employee_01223,Finance,93500
1224,Employee_01224,Sales,119000
1225,Employee_01225,Marketing,56500
1226,Employee_01226,Support,59000
1227,Employee_01227,Operations,114500
1228,Employee_01228,QA,98500
1229,Employee_01229,DevOps,74500
1230,Employee_01230,Product,110000
1231,Employee_01231,Engineering,68500
1232,Employee_01232,HR,39000
1233,Employee_01233,Finance,88000
1234,Employee_01234,Sales,35000
1235,Employee_01235,Marketing,77500
1236,Employee_01236,Support,71500
1237,Employee_01237,Operations,79500
1238,Employee_01238,QA,69000
1239,Employee_01239,DevOps,105000
1240,Employee_01240,Product,55000
1241,Employee_01241,Engineering,31500
1242,Employee_01242,HR,87500
1243,Employee_01243,Finance,54500
1244,Employee_01244,Sales,115000
1245,Employee_01245,Marketing,74500
1246,Employee_01246,Support,91000
1247,Employee_01247,Operations,104000
1248,Employee_01248,QA,90000
1249,Employee_01249,DevOps,44000
1250,Employee_01250,Product,89500
1251,Employee_01251,Engineering,63000
1252,Employee_01252,HR,64500
1253,Employee_01253,Finance,59500
1254,Employee_01254,Sales,51500
1255,Employee_01255,Marketing,92000
1256,Employee_01256,Support,99000
1257,Employee_01257,Operations,68000
1258,Employee_01258,QA,66500
1259,Employee_01259,DevOps,113000
1260,Employee_01260,Product,72000
1261,Employee_01261,Engineering,32000
1262,Employee_01262,HR,31500
1263,Employee_01263,Finance,87000
1264,Employee_01264,Sales,65000
1265,Employee_01265,Marketing,53000
1266,Employee_01266,Support,36500
1267,Employee_01267,Operations,117500
1268,Employee_01268,QA,107500
1269,Employee_01269,DevOps,94500
1270,Employee_01270,Product,36000
1271,Employee_01271,Engineering,66000
1272,Employee_01272,HR,90000
1273,Employee_01273,Finance,56000
1274,Employee_01274,Sales,42000
1275,Employee_01275,Marketing,97000
1276,Employee_01276,Support,48500
1277,Employee_01277,Operations,62000
1278,Employee_01278,QA,75500
1279,Employee_01279,DevOps,72500
1280,Employee_01280,Product,62500
1281,Employee_01281,Engineering,99500
1282,Employee_01282,HR,87500
1283,Employee_01283,Finance,31000
1284,Employee_01284,Sales,66000
1285,Employee_01285,Marketing,93000
1286,Employee_01286,Support,61500
1287,Employee_01287,Operations,43500
1288,Employee_01288,QA,117000
1289,Employee_01289,DevOps,64000
1290,Employee_01290,Product,41500
1291,Employee_01291,Engineering,88500
1292,Employee_01292,HR,95500
1293,Employee_01293,Finance,32500
1294,Employee_01294,Sales,93500
1295,Employee_01295,Marketing,102500
1296,Employee_01296,Support,91000
1297,Employee_01297,Operations,83500
1298,Employee_01298,QA,73000
1299,Employee_01299,DevOps,113000
1300,Employee_01300,Product,33500
1301,Employee_01301,Engineering,91000
1302,Employee_01302,HR,31000
1303,Employee_01303,Finance,63500
1304,Employee_01304,Sales,64000
1305,Employee_01305,Marketing,95000
1306,Employee_01306,Support,86500
1307,Employee_01307,Operations,55000
1308,Employee_01308,QA,57000
1309,Employee_01309,DevOps,115500
1310,Employee_01310,Product,91500
1311,Employee_01311,Engineering,40000
1312,Employee_01312,HR,44500
1313,Employee_01313,Finance,53000
1314,Employee_01314,Sales,56500
1315,Employee_01315,Marketing,65500
1316,Employee_01316,Support,30000
1317,Employee_01317,Operations,86500
1318,Employee_01318,QA,74000
1319,Employee_01319,DevOps,93000
1320,Employee_01320,Product,105500
1321,Employee_01321,Engineering,114500
1322,Employee_01322,HR,61500
1323,Employee_01323,Finance,87500
1324,Employee_01324,Sales,49500
1325,Employee_01325,Marketing,78500
1326,Employee_01326,Support,59000
1327,Employee_01327,Operations,96500
1328,Employee_01328,QA,32000
1329,Employee_01329,DevOps,31500
1330,Employee_01330,Product,93500
1331,Employee_01331,Engineering,105000
1332,Employee_01332,HR,80000
1333,Employee_01333,Finance,31500
1334,Employee_01334,Sales,103500
1335,Employee_01335,Marketing,54500
1336,Employee_01336,Support,100500
1337,Employee_01337,Operations,90000
1338,Employee_01338,QA,48500
1339,Employee_01339,DevOps,41500
1340,Employee_01340,Product,106500
1341,Employee_01341,Engineering,102000
1342,Employee_01342,HR,114000
1343,Employee_01343,Finance,116000
1344,Employee_01344,Sales,110000
1345,Employee_01345,Marketing,94000
1346,Employee_01346,Support,43000
1347,Employee_01347,Operations,73000
1348,Employee_01348,QA,65500
1349,Employee_01349,DevOps,36000
1350,Employee_01350,Product,95000
1351,Employee_01351,Engineering,115000
1352,Employee_01352,HR,101000
1353,Employee_01353,Finance,108000
1354,Employee_01354,Sales,33500
1355,Employee_01355,Marketing,99500
1356,Employee_01356,Support,36000
1357,Employee_01357,Operations,57500
1358,Employee_01358,QA,55500
1359,Employee_01359,DevOps,62000
1360,Employee_01360,Product,115000
1361,Employee_01361,Engineering,110000
1362,Employee_01362,HR,66500
1363,Employee_01363,Finance,111000
1364,Employee_01364,Sales,59500
1365,Employee_01365,Marketing,32500
1366,Employee_01366,Support,114000
1367,Employee_01367,Operations,117500
1368,Employee_01368,QA,67500
1369,Employee_01369,DevOps,52000
1370,Employee_01370,Product,68500
1371,Employee_01371,Engineering,40500
1372,Employee_01372,HR,93000
1373,Employee_01373,Finance,66500
1374,Employee_01374,Sales,84500
1375,Employee_01375,Marketing,64500
1376,Employee_01376,Support,48500
1377,Employee_01377,Operations,80000
1378,Employee_01378,QA,115500
1379,Employee_01379,DevOps,55500
1380,Employee_01380,Product,117500
1381,Employee_01381,Engineering,101000
1382,Employee_01382,HR,93500
1383,Employee_01383,Finance,72500
1384,Employee_01384,Sales,52000
1385,Employee_01385,Marketing,75500
1386,Employee_01386,Support,58500
1387,Employee_01387,Operations,43000
1388,Employee_01388,QA,111500
1389,Employee_01389,DevOps,105500
1390,Employee_01390,Product,87500
1391,Employee_01391,Engineering,87000
1392,Employee_01392,HR,67000
1393,Employee_01393,Finance,70500
1394,Employee_01394,Sales,76000
1395,Employee_01395,Marketing,73000
1396,Employee_01396,Support,57000
1397,Employee_01397,Operations,76500
1398,Employee_01398,QA,46000
1399,Employee_01399,DevOps,103500
1400,Employee_01400,Product,71000
1401,Employee_01401,Engineering,44500
1402,Employee_01402,HR,96000
1403,Employee_01403,Finance,62500
1404,Employee_01404,Sales,42000
1405,Employee_01405,Marketing,92000
1406,Employee_01406,Support,69500
1407,Employee_01407,Operations,110500
1408,Employee_01408,QA,39500
1409,Employee_01409,DevOps,109500
1410,Employee_01410,Product,110500
1411,Employee_01411,Engineering,32000
1412,Employee_01412,HR,106500
1413,Employee_01413,Finance,57000
1414,Employee_01414,Sales,34000
1415,Employee_01415,Marketing,90000
1416,Employee_01416,Support,75500
1417,Employee_01417,Operations,31000
1418,Employee_01418,QA,44000
1419,Employee_01419,DevOps,107000
1420,Employee_01420,Product,95500
1421,Employee_01421,Engineering,95000
1422,Employee_01422,HR,43000
1423,Employee_01423,Finance,53000
1424,Employee_01424,Sales,45000
1425,Employee_01425,Marketing,117500
1426,Employee_01426,Support,99500
1427,Employee_01427,Operations,113500
1428,Employee_01428,QA,114500
1429,Employee_01429,DevOps,54500
1430,Employee_01430,Product,64500
1431,Employee_01431,Engineering,119500
1432,Employee_01432,HR,105500
1433,Employee_01433,Finance,89000
1434,Employee_01434,Sales,78500
1435,Employee_01435,Marketing,34000
1436,Employee_01436,Support,73000
1437,Employee_01437,Operations,95000
1438,Employee_01438,QA,39500
1439,Employee_01439,DevOps,63000
1440,Employee_01440,Product,30000
1441,Employee_01441,Engineering,81000
1442,Employee_01442,HR,36000
1443,Employee_01443,Finance,111000
1444,Employee_01444,Sales,94000
1445,Employee_01445,Marketing,56000
1446,Employee_01446,Support,41000
1447,Employee_01447,Operations,66000
1448,Employee_01448,QA,58000
1449,Employee_01449,DevOps,60500
1450,Employee_01450,Product,36500
1451,Employee_01451,Engineering,100500
1452,Employee_01452,HR,95500
1453,Employee_01453,Finance,55000
1454,Employee_01454,Sales,96000
1455,Employee_01455,Marketing,73000
1456,Employee_01456,Support,80500
1457,Employee_01457,Operations,47000
1458,Employee_01458,QA,118500
1459,Employee_01459,DevOps,91000
1460,Employee_01460,Product,111500
1461,Employee_01461,Engineering,75000
1462,Employee_01462,HR,75500
1463,Employee_01463,Finance,56000
1464,Employee_01464,Sales,30500
1465,Employee_01465,Marketing,62500
1466,Employee_01466,Support,34000
1467,Employee_01467,Operations,77500
1468,Employee_01468,QA,57500
1469,Employee_01469,DevOps,95000
1470,Employee_01470,Product,39000
1471,Employee_01471,Engineering,94500
1472,Employee_01472,HR,61000
1473,Employee_01473,Finance,64000
1474,Employee_01474,Sales,64000
1475,Employee_01475,Marketing,84000
1476,Employee_01476,Support,55000
1477,Employee_01477,Operations,76000
1478,Employee_01478,QA,116500
1479,Employee_01479,DevOps,30500
1480,Employee_01480,Product,57500
1481,Employee_01481,Engineering,114000
1482,Employee_01482,HR,103500
1483,Employee_01483,Finance,81000
1484,Employee_01484,Sales,66000
1485,Employee_01485,Marketing,95500
1486,Employee_01486,Support,50500
1487,Employee_01487,Operations,52000
1488,Employee_01488,QA,119500
1489,Employee_01489,DevOps,113500
1490,Employee_01490,Product,106500
1491,Employee_01491,Engineering,110500
1492,Employee_01492,HR,57500
1493,Employee_01493,Finance,47000
1494,Employee_01494,Sales,33000
1495,Employee_01495,Marketing,92000
1496,Employee_01496,Support,47500
1497,Employee_01497,Operations,81000
1498,Employee_01498,QA,32000
1499,Employee_01499,DevOps,87000
1500,Employee_01500,Product,102500
1501,Employee_01501,Engineering,97500
1502,Employee_01502,HR,111500
1503,Employee_01503,Finance,114500
1504,Employee_01504,Sales,46500
1505,Employee_01505,Marketing,99500
1506,Employee_01506,Support,38500
1507,Employee_01507,Operations,92500
1508,Employee_01508,QA,74000
1509,Employee_01509,DevOps,65500
1510,Employee_01510,Product,57500
1511,Employee_01511,Engineering,63000
1512,Employee_01512,HR,94000
1513,Employee_01513,Finance,111000
1514,Employee_01514,Sales,98500
1515,Employee_01515,Marketing,78500
1516,Employee_01516,Support,65000
1517,Employee_01517,Operations,63500
1518,Employee_01518,QA,69000
1519,Employee_01519,DevOps,102500
1520,Employee_01520,Product,30500
1521,Employee_01521,Engineering,86000
1522,Employee_01522,HR,109000
1523,Employee_01523,Finance,112000
1524,Employee_01524,Sales,73000
1525,Employee_01525,Marketing,92500
1526,Employee_01526,Support,113500
1527,Employee_01527,Operations,93000
1528,Employee_01528,QA,107000
1529,Employee_01529,DevOps,77500
1530,Employee_01530,Product,82000
1531,Employee_01531,Engineering,87000
1532,Employee_01532,HR,118000
1533,Employee_01533,Finance,95000
1534,Employee_01534,Sales,116000
1535,Employee_01535,Marketing,109500
1536,Employee_01536,Support,72000
1537,Employee_01537,Operations,60500
1538,Employee_01538,QA,38000
1539,Employee_01539,DevOps,59000
1540,Employee_01540,Product,33000
1541,Employee_01541,Engineering,92000
1542,Employee_01542,HR,50000
1543,Employee_01543,Finance,118500
1544,Employee_01544,Sales,83000
1545,Employee_01545,Marketing,46500
1546,Employee_01546,Support,117000
1547,Employee_01547,Operations,88000
1548,Employee_01548,QA,49000
1549,Employee_01549,DevOps,111500
1550,Employee_01550,Product,93500
1551,Employee_01551,Engineering,50000
1552,Employee_01552,HR,106500
1553,Employee_01553,Finance,59000
1554,Employee_01554,Sales,110500
1555,Employee_01555,Marketing,47000
1556,Employee_01556,Support,58500
1557,Employee_01557,Operations,66500
1558,Employee_01558,QA,38500
1559,Employee_01559,DevOps,59500
1560,Employee_01560,Product,47500
1561,Employee_01561,Engineering,91000
1562,Employee_01562,HR,86000
1563,Employee_01563,Finance,94000
1564,Employee_01564,Sales,39000
1565,Employee_01565,Marketing,102500
1566,Employee_01566,Support,105000
1567,Employee_01567,Operations,73500
1568,Employee_01568,QA,101000
1569,Employee_01569,DevOps,77000
1570,Employee_01570,Product,104500
1571,Employee_01571,Engineering,81500
1572,Employee_01572,HR,43000
1573,Employee_01573,Finance,106500
1574,Employee_01574,Sales,80000
1575,Employee_01575,Marketing,39000
1576,Employee_01576,Support,96500
1577,Employee_01577,Operations,64500
1578,Employee_01578,QA,33000
1579,Employee_01579,DevOps,98500
1580,Employee_01580,Product,92500
1581,Employee_01581,Engineering,83000
1582,Employee_01582,HR,117500
1583,Employee_01583,Finance,51000
1584,Employee_01584,Sales,36000
1585,Employee_01585,Marketing,100000
1586,Employee_01586,Support,70000
1587,Employee_01587,Operations,67500
1588,Employee_01588,QA,67500
1589,Employee_01589,DevOps,63000
1590,Employee_01590,Product,60000
1591,Employee_01591,Engineering,36000
1592,Employee_01592,HR,116000
1593,Employee_01593,Finance,114500
1594,Employee_01594,Sales,108000
1595,Employee_01595,Marketing,47500
1596,Employee_01596,Support,94000
1597,Employee_01597,Operations,89500
1598,Employee_01598,QA,80500
1599,Employee_01599,DevOps,43500
1600,Employee_01600,Product,62500
1601,Employee_01601,Engineering,90500
1602,Employee_01602,HR,53000
1603,Employee_01603,Finance,38000
1604,Employee_01604,Sales,46000
1605,Employee_01605,Marketing,33500
1606,Employee_01606,Support,85000
1607,Employee_01607,Operations,88500
1608,Employee_01608,QA,80000
1609,Employee_01609,DevOps,89000
1610,Employee_01610,Product,35000
1611,Employee_01611,Engineering,40000
1612,Employee_01612,HR,99500
1613,Employee_01613,Finance,113000
1614,Employee_01614,Sales,92000
1615,Employee_01615,Marketing,115000
1616,Employee_01616,Support,56500
1617,Employee_01617,Operations,74000
1618,Employee_01618,QA,56500
1619,Employee_01619,DevOps,95000
1620,Employee_01620,Product,56000
1621,Employee_01621,Engineering,46500
1622,Employee_01622,HR,89000
1623,Employee_01623,Finance,33000
1624,Employee_01624,Sales,114000
1625,Employee_01625,Marketing,59500
1626,Employee_01626,Support,87000
1627,Employee_01627,Operations,63500
1628,Employee_01628,QA,63000
1629,Employee_01629,DevOps,103500
1630,Employee_01630,Product,116500
1631,Employee_01631,Engineering,104500
1632,Employee_01632,HR,117500
1633,Employee_01633,Finance,61500
1634,Employee_01634,Sales,39000
1635,Employee_01635,Marketing,119000
1636,Employee_01636,Support,71500
1637,Employee_01637,Operations,36000
1638,Employee_01638,QA,76500
1639,Employee_01639,DevOps,108000
1640,Employee_01640,Product,74000
1641,Employee_01641,Engineering,108000
1642,Employee_01642,HR,45500
1643,Employee_01643,Finance,63500
1644,Employee_01644,Sales,111000
1645,Employee_01645,Marketing,69500
1646,Employee_01646,Support,95000
1647,Employee_01647,Operations,46000
1648,Employee_01648,QA,69500
1649,Employee_01649,DevOps,34000
1650,Employee_01650,Product,75500
1651,Employee_01651,Engineering,37000
1652,Employee_01652,HR,97000
1653,Employee_01653,Finance,30000
1654,Employee_01654,Sales,68500
1655,Employee_01655,Marketing,37500
1656,Employee_01656,Support,70500
1657,Employee_01657,Operations,93000
1658,Employee_01658,QA,89000
1659,Employee_01659,DevOps,92500
1660,Employee_01660,Product,86000
1661,Employee_01661,Engineering,31000
1662,Employee_01662,HR,91000
1663,Employee_01663,Finance,60000
1664,Employee_01664,Sales,107500
1665,Employee_01665,Marketing,56500
1666,Employee_01666,Support,82000
1667,Employee_01667,Operations,57000
1668,Employee_01668,QA,78000
1669,Employee_01669,DevOps,68000
1670,Employee_01670,Product,107000
1671,Employee_01671,Engineering,106000
1672,Employee_01672,HR,112500
1673,Employee_01673,Finance,113500
1674,Employee_01674,Sales,53500
1675,Employee_01675,Marketing,99000
1676,Employee_01676,Support,114500
1677,Employee_01677,Operations,64500
1678,Employee_01678,QA,98000
1679,Employee_01679,DevOps,120000
1680,Employee_01680,Product,68500
1681,Employee_01681,Engineering,100000
1682,Employee_01682,HR,76000
1683,Employee_01683,Finance,118000
1684,Employee_01684,Sales,41500
1685,Employee_01685,Marketing,31000
1686,Employee_01686,Support,115000
1687,Employee_01687,Operations,67000
1688,Employee_01688,QA,88000
1689,Employee_01689,DevOps,72500
1690,Employee_01690,Product,66000
1691,Employee_01691,Engineering,52000
1692,Employee_01692,HR,75000
1693,Employee_01693,Finance,57000
1694,Employee_01694,Sales,114000
1695,Employee_01695,Marketing,52500
1696,Employee_01696,Support,30000
1697,Employee_01697,Operations,57000
1698,Employee_01698,QA,65000
1699,Employee_01699,DevOps,42000
1700,Employee_01700,Product,55000
1701,Employee_01701,Engineering,35000
1702,Employee_01702,HR,37000
1703,Employee_01703,Finance,102500
1704,Employee_01704,Sales,59500
1705,Employee_01705,Marketing,36000
1706,Employee_01706,Support,108500
1707,Employee_01707,Operations,95500
1708,Employee_01708,QA,113000
1709,Employee_01709,DevOps,51000
1710,Employee_01710,Product,85500
1711,Employee_01711,Engineering,76000
1712,Employee_01712,HR,68500
1713,Employee_01713,Finance,46500
1714,Employee_01714,Sales,89500
1715,Employee_01715,Marketing,94500
1716,Employee_01716,Support,114500
1717,Employee_01717,Operations,104500
1718,Employee_01718,QA,86000
1719,Employee_01719,DevOps,59000
1720,Employee_01720,Product,68500
1721,Employee_01721,Engineering,88000
1722,Employee_01722,HR,81000
1723,Employee_01723,Finance,92500
1724,Employee_01724,Sales,57500
1725,Employee_01725,Marketing,87500
1726,Employee_01726,Support,77000
1727,Employee_01727,Operations,57000
1728,Employee_01728,QA,36000
1729,Employee_01729,DevOps,75000
1730,Employee_01730,Product,51000
1731,Employee_01731,Engineering,74500
1732,Employee_01732,HR,36500
1733,Employee_01733,Finance,39000
1734,Employee_01734,Sales,75500
1735,Employee_01735,Marketing,58000
1736,Employee_01736,Support,66500
1737,Employee_01737,Operations,30000
1738,Employee_01738,QA,39000
1739,Employee_01739,DevOps,38500
1740,Employee_01740,Product,51000
1741,Employee_01741,Engineering,76000
1742,Employee_01742,HR,93000
1743,Employee_01743,Finance,107500
1744,Employee_01744,Sales,78500
1745,Employee_01745,Marketing,79000
1746,Employee_01746,Support,118500
1747,Employee_01747,Operations,114000
1748,Employee_01748,QA,74000
1749,Employee_01749,DevOps,50000
1750,Employee_01750,Product,105500
1751,Employee_01751,Engineering,32500
1752,Employee_01752,HR,55000
1753,Employee_01753,Finance,63000
1754,Employee_01754,Sales,43500
1755,Employee_01755,Marketing,97000
1756,Employee_01756,Support,114500
1757,Employee_01757,Operations,76000
1758,Employee_01758,QA,42500
1759,Employee_01759,DevOps,103000
1760,Employee_01760,Product,109500
1761,Employee_01761,Engineering,98500
1762,Employee_01762,HR,91000
1763,Employee_01763,Finance,102500
1764,Employee_01764,Sales,41000
1765,Employee_01765,Marketing,62000
1766,Employee_01766,Support,101500
1767,Employee_01767,Operations,118500
1768,Employee_01768,QA,74000
1769,Employee_01769,DevOps,102500
1770,Employee_01770,Product,38500
1771,Employee_01771,Engineering,43500
1772,Employee_01772,HR,30000
1773,Employee_01773,Finance,89500
1774,Employee_01774,Sales,74000
1775,Employee_01775,Marketing,39000
1776,Employee_01776,Support,118500
1777,Employee_01777,Operations,31000
1778,Employee_01778,QA,116500
1779,Employee_01779,DevOps,110500
1780,Employee_01780,Product,64000
1781,Employee_01781,Engineering,43500
1782,Employee_01782,HR,82000
1783,Employee_01783,Finance,63000
1784,Employee_01784,Sales,47000
1785,Employee_01785,Marketing,33000
1786,Employee_01786,Support,110000
1787,Employee_01787,Operations,57000
1788,Employee_01788,QA,86000
1789,Employee_01789,DevOps,89000
1790,Employee_01790,Product,40500
1791,Employee_01791,Engineering,89000
1792,Employee_01792,HR,33000
1793,Employee_01793,Finance,35500
1794,Employee_01794,Sales,116500
1795,Employee_01795,Marketing,74500
1796,Employee_01796,Support,53000
1797,Employee_01797,Operations,109000
1798,Employee_01798,QA,77000
1799,Employee_01799,DevOps,76000
1800,Employee_01800,Product,61500
1801,Employee_01801,Engineering,46000
1802,Employee_01802,HR,49500
1803,Employee_01803,Finance,69000
1804,Employee_01804,Sales,118000
1805,Employee_01805,Marketing,66000
1806,Employee_01806,Support,59000
1807,Employee_01807,Operations,49500
1808,Employee_01808,QA,106000
1809,Employee_01809,DevOps,50000
1810,Employee_01810,Product,32500
1811,Employee_01811,Engineering,54000
1812,Employee_01812,HR,53500
1813,Employee_01813,Finance,55500
1814,Employee_01814,Sales,53500
1815,Employee_01815,Marketing,91500
1816,Employee_01816,Support,85000
1817,Employee_01817,Operations,118500
1818,Employee_01818,QA,74000
1819,Employee_01819,DevOps,107500
1820,Employee_01820,Product,101500
1821,Employee_01821,Engineering,35000
1822,Employee_01822,HR,82500
1823,Employee_01823,Finance,52000
1824,Employee_01824,Sales,116000
1825,Employee_01825,Marketing,72000
1826,Employee_01826,Support,45500
1827,Employee_01827,Operations,72500
1828,Employee_01828,QA,118000
1829,Employee_01829,DevOps,61000
1830,Employee_01830,Product,104000
1831,Employee_01831,Engineering,39000
1832,Employee_01832,HR,103500
1833,Employee_01833,Finance,75000
1834,Employee_01834,Sales,44000
1835,Employee_01835,Marketing,44000
1836,Employee_01836,Support,120000
1837,Employee_01837,Operations,78000
1838,Employee_01838,QA,99500
1839,Employee_01839,DevOps,110000
1840,Employee_01840,Product,66000
1841,Employee_01841,Engineering,63000
1842,Employee_01842,HR,66000
1843,Employee_01843,Finance,120000
1844,Employee_01844,Sales,110000
1845,Employee_01845,Marketing,77500
1846,Employee_01846,Support,57500
1847,Employee_01847,Operations,83000
1848,Employee_01848,QA,74500
1849,Employee_01849,DevOps,49500
1850,Employee_01850,Product,79000
1851,Employee_01851,Engineering,52500
1852,Employee_01852,HR,103500
1853,Employee_01853,Finance,58000
1854,Employee_01854,Sales,107500
1855,Employee_01855,Marketing,93000
1856,Employee_01856,Support,117500
1857,Employee_01857,Operations,115000
1858,Employee_01858,QA,35000
1859,Employee_01859,DevOps,76000
1860,Employee_01860,Product,73000
1861,Employee_01861,Engineering,58000
1862,Employee_01862,HR,94500
1863,Employee_01863,Finance,33000
1864,Employee_01864,Sales,111500
1865,Employee_01865,Marketing,81500
1866,Employee_01866,Support,38500
1867,Employee_01867,Operations,118500
1868,Employee_01868,QA,34000
1869,Employee_01869,DevOps,39000
1870,Employee_01870,Product,98500
1871,Employee_01871,Engineering,32000
1872,Employee_01872,HR,115500
1873,Employee_01873,Finance,71500
1874,Employee_01874,Sales,115000
1875,Employee_01875,Marketing,65500
1876,Employee_01876,Support,99000
1877,Employee_01877,Operations,52000
1878,Employee_01878,QA,37000
1879,Employee_01879,DevOps,64000
1880,Employee_01880,Product,71000
1881,Employee_01881,Engineering,43000
1882,Employee_01882,HR,115000
1883,Employee_01883,Finance,69000
1884,Employee_01884,Sales,53500
1885,Employee_01885,Marketing,70000
1886,Employee_01886,Support,51500
1887,Employee_01887,Operations,34000
1888,Employee_01888,QA,43500
1889,Employee_01889,DevOps,33500
1890,Employee_01890,Product,74500
1891,Employee_01891,Engineering,38000
1892,Employee_01892,HR,32500
1893,Employee_01893,Finance,50500
1894,Employee_01894,Sales,115500
1895,Employee_01895,Marketing,49500
1896,Employee_01896,Support,119000
1897,Employee_01897,Operations,72500
1898,Employee_01898,QA,115000
1899,Employee_01899,DevOps,118000
1900,Employee_01900,Product,39500
1901,Employee_01901,Engineering,102500
1902,Employee_01902,HR,84000
1903,Employee_01903,Finance,42000
1904,Employee_01904,Sales,77000
1905,Employee_01905,Marketing,83500
1906,Employee_01906,Support,103500
1907,Employee_01907,Operations,99000
1908,Employee_01908,QA,85500
1909,Employee_01909,DevOps,38500
1910,Employee_01910,Product,54500
1911,Employee_01911,Engineering,50000
1912,Employee_01912,HR,119000
1913,Employee_01913,Finance,69000
1914,Employee_01914,Sales,89000
1915,Employee_01915,Marketing,40000
1916,Employee_01916,Support,104500
1917,Employee_01917,Operations,38500
1918,Employee_01918,QA,72500
1919,Employee_01919,DevOps,43000
1920,Employee_01920,Product,106500
1921,Employee_01921,Engineering,105000
1922,Employee_01922,HR,32500
1923,Employee_01923,Finance,34000
1924,Employee_01924,Sales,71000
1925,Employee_01925,Marketing,80500
1926,Employee_01926,Support,50000
1927,Employee_01927,Operations,95000
1928,Employee_01928,QA,109500
1929,Employee_01929,DevOps,120000
1930,Employee_01930,Product,109000
1931,Employee_01931,Engineering,44000
1932,Employee_01932,HR,93000
1933,Employee_01933,Finance,34500
1934,Employee_01934,Sales,42500
1935,Employee_01935,Marketing,51000
1936,Employee_01936,Support,79000
1937,Employee_01937,Operations,104000
1938,Employee_01938,QA,109000
1939,Employee_01939,DevOps,34500
1940,Employee_01940,Product,71500
1941,Employee_01941,Engineering,52000
1942,Employee_01942,HR,70500
1943,Employee_01943,Finance,33500
1944,Employee_01944,Sales,103000
1945,Employee_01945,Marketing,98000
1946,Employee_01946,Support,81000
1947,Employee_01947,Operations,82000
1948,Employee_01948,QA,58500
1949,Employee_01949,DevOps,63000
1950,Employee_01950,Product,113000
1951,Employee_01951,Engineering,70500
1952,Employee_01952,HR,81000
1953,Employee_01953,Finance,87000
1954,Employee_01954,Sales,61500
1955,Employee_01955,Marketing,87500
1956,Employee_01956,Support,112000
1957,Employee_01957,Operations,60500
1958,Employee_01958,QA,57000
1959,Employee_01959,DevOps,34500
1960,Employee_01960,Product,116500
1961,Employee_01961,Engineering,32500
1962,Employee_01962,HR,100000
1963,Employee_01963,Finance,78500
1964,Employee_01964,Sales,39500
1965,Employee_01965,Marketing,108500
1966,Employee_01966,Support,36500
1967,Employee_01967,Operations,107000
1968,Employee_01968,QA,100500
1969,Employee_01969,DevOps,71000
1970,Employee_01970,Product,97500
1971,Employee_01971,Engineering,110000
1972,Employee_01972,HR,88000
1973,Employee_01973,Finance,68000
1974,Employee_01974,Sales,112500
1975,Employee_01975,Marketing,34500
1976,Employee_01976,Support,106000
1977,Employee_01977,Operations,105500
1978,Employee_01978,QA,38500
1979,Employee_01979,DevOps,67500
1980,Employee_01980,Product,74000
1981,Employee_01981,Engineering,112500
1982,Employee_01982,HR,99500
1983,Employee_01983,Finance,83500
1984,Employee_01984,Sales,33000
1985,Employee_01985,Marketing,42500
1986,Employee_01986,Support,50500
1987,Employee_01987,Operations,97000
1988,Employee_01988,QA,83500
1989,Employee_01989,DevOps,38000
1990,Employee_01990,Product,108000
1991,Employee_01991,Engineering,51000
1992,Employee_01992,HR,107500
1993,Employee_01993,Finance,84500
1994,Employee_01994,Sales,38000
1995,Employee_01995,Marketing,93500
1996,Employee_01996,Support,55000
1997,Employee_01997,Operations,71000
1998,Employee_01998,QA,117000
1999,Employee_01999,DevOps,94000
2000,Employee_02000,Product,109000
2001,Employee_02001,Engineering,30000
2002,Employee_02002,HR,118500
2003,Employee_02003,Finance,110000
2004,Employee_02004,Sales,88000
2005,Employee_02005,Marketing,39500
2006,Employee_02006,Support,35000
2007,Employee_02007,Operations,117500
2008,Employee_02008,QA,80500
2009,Employee_02009,DevOps,77500
2010,Employee_02010,Product,96000
2011,Employee_02011,Engineering,40000
2012,Employee_02012,HR,68000
2013,Employee_02013,Finance,104000
2014,Employee_02014,Sales,100500
2015,Employee_02015,Marketing,40500
2016,Employee_02016,Support,60500
2017,Employee_02017,Operations,67500
2018,Employee_02018,QA,37000
2019,Employee_02019,DevOps,72000
2020,Employee_02020,Product,115000
2021,Employee_02021,Engineering,114000
2022,Employee_02022,HR,54000
2023,Employee_02023,Finance,50500
2024,Employee_02024,Sales,84500
2025,Employee_02025,Marketing,65500
2026,Employee_02026,Support,85500
2027,Employee_02027,Operations,105000
2028,Employee_02028,QA,49000
2029,Employee_02029,DevOps,54000
2030,Employee_02030,Product,33000
2031,Employee_02031,Engineering,83500
2032,Employee_02032,HR,66500
2033,Employee_02033,Finance,119000
2034,Employee_02034,Sales,111500
2035,Employee_02035,Marketing,95000
2036,Employee_02036,Support,31500
2037,Employee_02037,Operations,56000
2038,Employee_02038,QA,63000
2039,Employee_02039,DevOps,114500
2040,Employee_02040,Product,79000
2041,Employee_02041,Engineering,77500
2042,Employee_02042,HR,47000
2043,Employee_02043,Finance,107000
2044,Employee_02044,Sales,41000
2045,Employee_02045,Marketing,49000
2046,Employee_02046,Support,72000
2047,Employee_02047,Operations,103000
2048,Employee_02048,QA,100500
2049,Employee_02049,DevOps,83500
2050,Employee_02050,Product,117500
2051,Employee_02051,Engineering,63500
2052,Employee_02052,HR,39000
2053,Employee_02053,Finance,88500
2054,Employee_02054,Sales,85500
2055,Employee_02055,Marketing,116500
2056,Employee_02056,Support,51000
2057,Employee_02057,Operations,114500
2058,Employee_02058,QA,104000
2059,Employee_02059,DevOps,116000
2060,Employee_02060,Product,117500
2061,Employee_02061,Engineering,101000
2062,Employee_02062,HR,67500
2063,Employee_02063,Finance,92000
2064,Employee_02064,Sales,60500
2065,Employee_02065,Marketing,65500
2066,Employee_02066,Support,34500
2067,Employee_02067,Operations,79000
2068,Employee_02068,QA,44000
2069,Employee_02069,DevOps,39500
2070,Employee_02070,Product,108500
2071,Employee_02071,Engineering,110000
2072,Employee_02072,HR,46000
2073,Employee_02073,Finance,91000
2074,Employee_02074,Sales,65500
2075,Employee_02075,Marketing,30500
2076,Employee_02076,Support,73000
2077,Employee_02077,Operations,59500
2078,Employee_02078,QA,79000
2079,Employee_02079,DevOps,41500
2080,Employee_02080,Product,64500
2081,Employee_02081,Engineering,56500
2082,Employee_02082,HR,54500
2083,Employee_02083,Finance,47000
2084,Employee_02084,Sales,70500
2085,Employee_02085,Marketing,79500
2086,Employee_02086,Support,43000
2087,Employee_02087,Operations,105500
2088,Employee_02088,QA,118000
2089,Employee_02089,DevOps,108000
2090,Employee_02090,Product,45000
2091,Employee_02091,Engineering,93000
2092,Employee_02092,HR,120000
2093,Employee_02093,Finance,96500
2094,Employee_02094,Sales,46500
2095,Employee_02095,Marketing,33000
2096,Employee_02096,Support,94000
2097,Employee_02097,Operations,72000
2098,Employee_02098,QA,96000
2099,Employee_02099,DevOps,73000
2100,Employee_02100,Product,99500
2101,Employee_02101,Engineering,108500
2102,Employee_02102,HR,47000
2103,Employee_02103,Finance,90500
2104,Employee_02104,Sales,59000
2105,Employee_02105,Marketing,40000
2106,Employee_02106,Support,72000
2107,Employee_02107,Operations,112000
2108,Employee_02108,QA,76500
2109,Employee_02109,DevOps,82000
2110,Employee_02110,Product,62000
2111,Employee_02111,Engineering,69000
2112,Employee_02112,HR,40500
2113,Employee_02113,Finance,69000
2114,Employee_02114,Sales,103000
2115,Employee_02115,Marketing,38000
2116,Employee_02116,Support,44500
2117,Employee_02117,Operations,50500
2118,Employee_02118,QA,39500
2119,Employee_02119,DevOps,35000
2120,Employee_02120,Product,87000
2121,Employee_02121,Engineering,77000
2122,Employee_02122,HR,117500
2123,Employee_02123,Finance,106500
2124,Employee_02124,Sales,108000
2125,Employee_02125,Marketing,56000
2126,Employee_02126,Support,102500
2127,Employee_02127,Operations,56500
2128,Employee_02128,QA,67000
2129,Employee_02129,DevOps,44000
2130,Employee_02130,Product,48500
2131,Employee_02131,Engineering,113000
2132,Employee_02132,HR,34000
2133,Employee_02133,Finance,61000
2134,Employee_02134,Sales,90000
2135,Employee_02135,Marketing,104500
2136,Employee_02136,Support,104500
2137,Employee_02137,Operations,101500
2138,Employee_02138,QA,80500
2139,Employee_02139,DevOps,108000
2140,Employee_02140,Product,40000
2141,Employee_02141,Engineering,44500
2142,Employee_02142,HR,50000
2143,Employee_02143,Finance,106000
2144,Employee_02144,Sales,47000
2145,Employee_02145,Marketing,89500
2146,Employee_02146,Support,117000
2147,Employee_02147,Operations,81000
2148,Employee_02148,QA,83500
2149,Employee_02149,DevOps,66000
2150,Employee_02150,Product,68000
2151,Employee_02151,Engineering,116500
2152,Employee_02152,HR,114000
2153,Employee_02153,Finance,111500
2154,Employee_02154,Sales,78500
2155,Employee_02155,Marketing,101500
2156,Employee_02156,Support,49500
2157,Employee_02157,Operations,41000
2158,Employee_02158,QA,61500
2159,Employee_02159,DevOps,99000
2160,Employee_02160,Product,33000
2161,Employee_02161,Engineering,91500
2162,Employee_02162,HR,86500
2163,Employee_02163,Finance,59500
2164,Employee_02164,Sales,42500
2165,Employee_02165,Marketing,33000
2166,Employee_02166,Support,37500
2167,Employee_02167,Operations,77500
2168,Employee_02168,QA,73000
2169,Employee_02169,DevOps,94500
2170,Employee_02170,Product,60000
2171,Employee_02171,Engineering,63000
2172,Employee_02172,HR,97000
2173,Employee_02173,Finance,50000
2174,Employee_02174,Sales,81000
2175,Employee_02175,Marketing,45000
2176,Employee_02176,Support,117500
2177,Employee_02177,Operations,62000
2178,Employee_02178,QA,73500
2179,Employee_02179,DevOps,104500
2180,Employee_02180,Product,98000
2181,Employee_02181,Engineering,116500
2182,Employee_02182,HR,111000
2183,Employee_02183,Finance,66500
2184,Employee_02184,Sales,90500
2185,Employee_02185,Marketing,89000
2186,Employee_02186,Support,53000
2187,Employee_02187,Operations,51500
2188,Employee_02188,QA,50000
2189,Employee_02189,DevOps,63500
2190,Employee_02190,Product,60500
2191,Employee_02191,Engineering,108500
2192,Employee_02192,HR,79000
2193,Employee_02193,Finance,37500
2194,Employee_02194,Sales,107500
2195,Employee_02195,Marketing,46500
2196,Employee_02196,Support,43500
2197,Employee_02197,Operations,32000
2198,Employee_02198,QA,98000
2199,Employee_02199,DevOps,37000
2200,Employee_02200,Product,101000
2201,Employee_02201,Engineering,65500
2202,Employee_02202,HR,80000
2203,Employee_02203,Finance,100000
2204,Employee_02204,Sales,110500
2205,Employee_02205,Marketing,87500
2206,Employee_02206,Support,117000
2207,Employee_02207,Operations,85500
2208,Employee_02208,QA,56000
2209,Employee_02209,DevOps,114500
2210,Employee_02210,Product,113500
2211,Employee_02211,Engineering,107000
2212,Employee_02212,HR,80000
2213,Employee_02213,Finance,79500
2214,Employee_02214,Sales,30500
2215,Employee_02215,Marketing,108000
2216,Employee_02216,Support,70500
2217,Employee_02217,Operations,92500
2218,Employee_02218,QA,105500
2219,Employee_02219,DevOps,55500
2220,Employee_02220,Product,89000
2221,Employee_02221,Engineering,55000
2222,Employee_02222,HR,99000
2223,Employee_02223,Finance,93500
2224,Employee_02224,Sales,77500
2225,Employee_02225,Marketing,46500
2226,Employee_02226,Support,105500
2227,Employee_02227,Operations,83000
2228,Employee_02228,QA,119500
2229,Employee_02229,DevOps,65000
2230,Employee_02230,Product,108000
2231,Employee_02231,Engineering,58000
2232,Employee_02232,HR,36500
2233,Employee_02233,Finance,79000
2234,Employee_02234,Sales,76000
2235,Employee_02235,Marketing,109500
2236,Employee_02236,Support,61500
2237,Employee_02237,Operations,30500
2238,Employee_02238,QA,51000
2239,Employee_02239,DevOps,83500
2240,Employee_02240,Product,55500
2241,Employee_02241,Engineering,40000
2242,Employee_02242,HR,41500
2243,Employee_02243,Finance,111000
2244,Employee_02244,Sales,68500
2245,Employee_02245,Marketing,30500
2246,Employee_02246,Support,97000
2247,Employee_02247,Operations,68500
2248,Employee_02248,QA,34500
2249,Employee_02249,DevOps,78500
2250,Employee_02250,Product,109000
2251,Employee_02251,Engineering,47000
2252,Employee_02252,HR,34500
2253,Employee_02253,Finance,62500
2254,Employee_02254,Sales,66500
2255,Employee_02255,Marketing,51000
2256,Employee_02256,Support,39500
2257,Employee_02257,Operations,94000
2258,Employee_02258,QA,32500
2259,Employee_02259,DevOps,90000
2260,Employee_02260,Product,64500
2261,Employee_02261,Engineering,118000
2262,Employee_02262,HR,41000
2263,Employee_02263,Finance,66500
2264,Employee_02264,Sales,92500
2265,Employee_02265,Marketing,80500
2266,Employee_02266,Support,115500
2267,Employee_02267,Operations,34500
2268,Employee_02268,QA,105000
2269,Employee_02269,DevOps,83000
2270,Employee_02270,Product,51500
2271,Employee_02271,Engineering,102000
2272,Employee_02272,HR,49500
2273,Employee_02273,Finance,120000
2274,Employee_02274,Sales,103500
2275,Employee_02275,Marketing,55000
2276,Employee_02276,Support,120000
2277,Employee_02277,Operations,57500
2278,Employee_02278,QA,96000
2279,Employee_02279,DevOps,48000
2280,Employee_02280,Product,59500
2281,Employee_02281,Engineering,108000
2282,Employee_02282,HR,104000
2283,Employee_02283,Finance,31500
2284,Employee_02284,Sales,64000
2285,Employee_02285,Marketing,55500
2286,Employee_02286,Support,66000
2287,Employee_02287,Operations,74000
2288,Employee_02288,QA,65500
2289,Employee_02289,DevOps,92500
2290,Employee_02290,Product,102500
2291,Employee_02291,Engineering,87000
2292,Employee_02292,HR,106000
2293,Employee_02293,Finance,54000
2294,Employee_02294,Sales,97000
2295,Employee_02295,Marketing,84500
2296,Employee_02296,Support,32500
2297,Employee_02297,Operations,67000
2298,Employee_02298,QA,87000
2299,Employee_02299,DevOps,89500
2300,Employee_02300,Product,113500
2301,Employee_02301,Engineering,49000
2302,Employee_02302,HR,71500
2303,Employee_02303,Finance,61500
2304,Employee_02304,Sales,97500
2305,Employee_02305,Marketing,98500
2306,Employee_02306,Support,103000
2307,Employee_02307,Operations,97500
2308,Employee_02308,QA,105500
2309,Employee_02309,DevOps,84500
2310,Employee_02310,Product,47000
2311,Employee_02311,Engineering,97500
2312,Employee_02312,HR,45000
2313,Employee_02313,Finance,40000
2314,Employee_02314,Sales,54000
2315,Employee_02315,Marketing,50000
2316,Employee_02316,Support,59500
2317,Employee_02317,Operations,47500
2318,Employee_02318,QA,111500
2319,Employee_02319,DevOps,55000
2320,Employee_02320,Product,118000
2321,Employee_02321,Engineering,109000
2322,Employee_02322,HR,82000
2323,Employee_02323,Finance,112500
2324,Employee_02324,Sales,41000
2325,Employee_02325,Marketing,30000
2326,Employee_02326,Support,70000
2327,Employee_02327,Operations,116500
2328,Employee_02328,QA,113000
2329,Employee_02329,DevOps,52000
2330,Employee_02330,Product,42000
2331,Employee_02331,Engineering,101500
2332,Employee_02332,HR,104500
2333,Employee_02333,Finance,59000
2334,Employee_02334,Sales,57500
2335,Employee_02335,Marketing,44000
2336,Employee_02336,Support,71000
2337,Employee_02337,Operations,95000
2338,Employee_02338,QA,112000
2339,Employee_02339,DevOps,30500
2340,Employee_02340,Product,54500
2341,Employee_02341,Engineering,98000
2342,Employee_02342,HR,76500
2343,Employee_02343,Finance,59500
2344,Employee_02344,Sales,60000
2345,Employee_02345,Marketing,55000
2346,Employee_02346,Support,48000
2347,Employee_02347,Operations,91500
2348,Employee_02348,QA,108000
2349,Employee_02349,DevOps,53500
2350,Employee_02350,Product,52500
2351,Employee_02351,Engineering,72000
2352,Employee_02352,HR,53000
2353,Employee_02353,Finance,98000
2354,Employee_02354,Sales,98500
2355,Employee_02355,Marketing,74000
2356,Employee_02356,Support,34000
2357,Employee_02357,Operations,64500
2358,Employee_02358,QA,70500
2359,Employee_02359,DevOps,57000
2360,Employee_02360,Product,87000
2361,Employee_02361,Engineering,77000
2362,Employee_02362,HR,106500
2363,Employee_02363,Finance,71500
2364,Employee_02364,Sales,82500
2365,Employee_02365,Marketing,86000
2366,Employee_02366,Support,108500
2367,Employee_02367,Operations,89000
2368,Employee_02368,QA,36500
2369,Employee_02369,DevOps,39000
2370,Employee_02370,Product,32000
2371,Employee_02371,Engineering,81500
2372,Employee_02372,HR,33000
2373,Employee_02373,Finance,101500
2374,Employee_02374,Sales,100500
2375,Employee_02375,Marketing,41500
2376,Employee_02376,Support,77500
2377,Employee_02377,Operations,117500
2378,Employee_02378,QA,83000
2379,Employee_02379,DevOps,36000
2380,Employee_02380,Product,81500
2381,Employee_02381,Engineering,98000
2382,Employee_02382,HR,78000
2383,Employee_02383,Finance,32000
2384,Employee_02384,Sales,51000
2385,Employee_02385,Marketing,84500
2386,Employee_02386,Support,84500
2387,Employee_02387,Operations,38500
2388,Employee_02388,QA,109000
2389,Employee_02389,DevOps,41500
2390,Employee_02390,Product,54500
2391,Employee_02391,Engineering,85000
2392,Employee_02392,HR,109000
2393,Employee_02393,Finance,56000
2394,Employee_02394,Sales,78500
2395,Employee_02395,Marketing,58000
2396,Employee_02396,Support,92500
2397,Employee_02397,Operations,46500
2398,Employee_02398,QA,82000
2399,Employee_02399,DevOps,83500
2400,Employee_02400,Product,107000
2401,Employee_02401,Engineering,38500
2402,Employee_02402,HR,117500
2403,Employee_02403,Finance,80000
2404,Employee_02404,Sales,49500
2405,Employee_02405,Marketing,65000
2406,Employee_02406,Support,55500
2407,Employee_02407,Operations,49500
2408,Employee_02408,QA,68000
2409,Employee_02409,DevOps,103500
2410,Employee_02410,Product,39000
2411,Employee_02411,Engineering,115000
2412,Employee_02412,HR,95500
2413,Employee_02413,Finance,60000
2414,Employee_02414,Sales,68000
2415,Employee_02415,Marketing,69500
2416,Employee_02416,Support,86500
2417,Employee_02417,Operations,119500
2418,Employee_02418,QA,78000
2419,Employee_02419,DevOps,55500
2420,Employee_02420,Product,79000
2421,Employee_02421,Engineering,73000
2422,Employee_02422,HR,75000
2423,Employee_02423,Finance,53500
2424,Employee_02424,Sales,92500
2425,Employee_02425,Marketing,111000
2426,Employee_02426,Support,64500
2427,Employee_02427,Operations,63000
2428,Employee_02428,QA,45500
2429,Employee_02429,DevOps,46500
2430,Employee_02430,Product,76500
2431,Employee_02431,Engineering,91500
2432,Employee_02432,HR,43000
2433,Employee_02433,Finance,40000
2434,Employee_02434,Sales,99000
2435,Employee_02435,Marketing,84000
2436,Employee_02436,Support,58500
2437,Employee_02437,Operations,68000
2438,Employee_02438,QA,118000
2439,Employee_02439,DevOps,116000
2440,Employee_02440,Product,88000
2441,Employee_02441,Engineering,105500
2442,Employee_02442,HR,64000
2443,Employee_02443,Finance,53000
2444,Employee_02444,Sales,69000
2445,Employee_02445,Marketing,85500
2446,Employee_02446,Support,77000
2447,Employee_02447,Operations,66500
2448,Employee_02448,QA,108000
2449,Employee_02449,DevOps,42000
2450,Employee_02450,Product,114000
2451,Employee_02451,Engineering,56000
2452,Employee_02452,HR,60000
2453,Employee_02453,Finance,120000
2454,Employee_02454,Sales,82000
2455,Employee_02455,Marketing,97000
2456,Employee_02456,Support,58000
2457,Employee_02457,Operations,99000
2458,Employee_02458,QA,54000
2459,Employee_02459,DevOps,34000
2460,Employee_02460,Product,99000
2461,Employee_02461,Engineering,108000
2462,Employee_02462,HR,53500
2463,Employee_02463,Finance,40500
2464,Employee_02464,Sales,82000
2465,Employee_02465,Marketing,56500
2466,Employee_02466,Support,103000
2467,Employee_02467,Operations,38500
2468,Employee_02468,QA,53500
2469,Employee_02469,DevOps,57500
2470,Employee_02470,Product,83000
2471,Employee_02471,Engineering,59000
2472,Employee_02472,HR,65500
2473,Employee_02473,Finance,107000
2474,Employee_02474,Sales,32000
2475,Employee_02475,Marketing,40500
2476,Employee_02476,Support,53500
2477,Employee_02477,Operations,95000
2478,Employee_02478,QA,76500
2479,Employee_02479,DevOps,42000
2480,Employee_02480,Product,66500
2481,Employee_02481,Engineering,75000
2482,Employee_02482,HR,74000
2483,Employee_02483,Finance,35500
2484,Employee_02484,Sales,50500
2485,Employee_02485,Marketing,36500
2486,Employee_02486,Support,97500
2487,Employee_02487,Operations,54500
2488,Employee_02488,QA,43000
2489,Employee_02489,DevOps,67000
2490,Employee_02490,Product,73500
2491,Employee_02491,Engineering,48000
2492,Employee_02492,HR,73500
2493,Employee_02493,Finance,92500
2494,Employee_02494,Sales,73500
2495,Employee_02495,Marketing,112500
2496,Employee_02496,Support,74500
2497,Employee_02497,Operations,61500
2498,Employee_02498,QA,43500
2499,Employee_02499,DevOps,103000
2500,Employee_02500,Product,59500
2501,Employee_02501,Engineering,82500
2502,Employee_02502,HR,58000
2503,Employee_02503,Finance,56500
2504,Employee_02504,Sales,104500
2505,Employee_02505,Marketing,93500
2506,Employee_02506,Support,83000
2507,Employee_02507,Operations,62000
2508,Employee_02508,QA,42500
2509,Employee_02509,DevOps,52000
2510,Employee_02510,Product,38000
2511,Employee_02511,Engineering,78500
2512,Employee_02512,HR,58500
2513,Employee_02513,Finance,69000
2514,Employee_02514,Sales,89000
2515,Employee_02515,Marketing,46500
2516,Employee_02516,Support,104000
2517,Employee_02517,Operations,86500
2518,Employee_02518,QA,98500
2519,Employee_02519,DevOps,44500
2520,Employee_02520,Product,30500
2521,Employee_02521,Engineering,41000
2522,Employee_02522,HR,105500
2523,Employee_02523,Finance,64000
2524,Employee_02524,Sales,47000
2525,Employee_02525,Marketing,81000
2526,Employee_02526,Support,94000
2527,Employee_02527,Operations,78500
2528,Employee_02528,QA,79000
2529,Employee_02529,DevOps,46500
2530,Employee_02530,Product,119500
2531,Employee_02531,Engineering,102000
2532,Employee_02532,HR,41000
2533,Employee_02533,Finance,80000
2534,Employee_02534,Sales,43500
2535,Employee_02535,Marketing,108000
2536,Employee_02536,Support,35000
2537,Employee_02537,Operations,44000
2538,Employee_02538,QA,31500
2539,Employee_02539,DevOps,41000
2540,Employee_02540,Product,72000
2541,Employee_02541,Engineering,115500
2542,Employee_02542,HR,60000
2543,Employee_02543,Finance,38500
2544,Employee_02544,Sales,95500
2545,Employee_02545,Marketing,56000
2546,Employee_02546,Support,118000
2547,Employee_02547,Operations,68000
2548,Employee_02548,QA,108500
2549,Employee_02549,DevOps,99000
2550,Employee_02550,Product,45000
2551,Employee_02551,Engineering,35000
2552,Employee_02552,HR,89000
2553,Employee_02553,Finance,45000
2554,Employee_02554,Sales,80500
2555,Employee_02555,Marketing,102500
2556,Employee_02556,Support,97500
2557,Employee_02557,Operations,100000
2558,Employee_02558,QA,64000
2559,Employee_02559,DevOps,113000
2560,Employee_02560,Product,55000
2561,Employee_02561,Engineering,35000
2562,Employee_02562,HR,69000
2563,Employee_02563,Finance,107500
2564,Employee_02564,Sales,34500
2565,Employee_02565,Marketing,112000
2566,Employee_02566,Support,91500
2567,Employee_02567,Operations,80500
2568,Employee_02568,QA,75500
2569,Employee_02569,DevOps,32500
2570,Employee_02570,Product,91500
2571,Employee_02571,Engineering,55000
2572,Employee_02572,HR,113000
2573,Employee_02573,Finance,70500
2574,Employee_02574,Sales,39000
2575,Employee_02575,Marketing,67500
2576,Employee_02576,Support,39500
2577,Employee_02577,Operations,59000
2578,Employee_02578,QA,115500
2579,Employee_02579,DevOps,94000
2580,Employee_02580,Product,105500
2581,Employee_02581,Engineering,32500
2582,Employee_02582,HR,41500
2583,Employee_02583,Finance,116000
2584,Employee_02584,Sales,36500
2585,Employee_02585,Marketing,105500
2586,Employee_02586,Support,82500
2587,Employee_02587,Operations,84500
2588,Employee_02588,QA,71000
2589,Employee_02589,DevOps,80500
2590,Employee_02590,Product,54500
2591,Employee_02591,Engineering,105000
2592,Employee_02592,HR,79500
2593,Employee_02593,Finance,78500
2594,Employee_02594,Sales,112500
2595,Employee_02595,Marketing,64000
2596,Employee_02596,Support,37000
2597,Employee_02597,Operations,83500
2598,Employee_02598,QA,90000
2599,Employee_02599,DevOps,33500
2600,Employee_02600,Product,96500
2601,Employee_02601,Engineering,103000
2602,Employee_02602,HR,34500
2603,Employee_02603,Finance,65500
2604,Employee_02604,Sales,113000
2605,Employee_02605,Marketing,111500
2606,Employee_02606,Support,94500
2607,Employee_02607,Operations,49500
2608,Employee_02608,QA,78500
2609,Employee_02609,DevOps,89000
2610,Employee_02610,Product,86500
2611,Employee_02611,Engineering,116000
2612,Employee_02612,HR,77000
2613,Employee_02613,Finance,80500
2614,Employee_02614,Sales,94500
2615,Employee_02615,Marketing,109500
2616,Employee_02616,Support,71000
2617,Employee_02617,Operations,96000
2618,Employee_02618,QA,83000
2619,Employee_02619,DevOps,52500
2620,Employee_02620,Product,74500
2621,Employee_02621,Engineering,44500
2622,Employee_02622,HR,30500
2623,Employee_02623,Finance,33000
2624,Employee_02624,Sales,33500
2625,Employee_02625,Marketing,63500
2626,Employee_02626,Support,106000
2627,Employee_02627,Operations,92000
2628,Employee_02628,QA,61500
2629,Employee_02629,DevOps,53500
2630,Employee_02630,Product,101000
2631,Employee_02631,Engineering,81500
2632,Employee_02632,HR,34500
2633,Employee_02633,Finance,97500
2634,Employee_02634,Sales,65500
2635,Employee_02635,Marketing,36000
2636,Employee_02636,Support,34500
2637,Employee_02637,Operations,92000
2638,Employee_02638,QA,86500
2639,Employee_02639,DevOps,31500
2640,Employee_02640,Product,30000
2641,Employee_02641,Engineering,53500
2642,Employee_02642,HR,47000
2643,Employee_02643,Finance,83000
2644,Employee_02644,Sales,61000
2645,Employee_02645,Marketing,91000
2646,Employee_02646,Support,34500
2647,Employee_02647,Operations,110500
2648,Employee_02648,QA,103000
2649,Employee_02649,DevOps,89500
2650,Employee_02650,Product,59000
2651,Employee_02651,Engineering,110000
2652,Employee_02652,HR,77500
2653,Employee_02653,Finance,64500
2654,Employee_02654,Sales,106500
2655,Employee_02655,Marketing,98500
2656,Employee_02656,Support,48000
2657,Employee_02657,Operations,109500
2658,Employee_02658,QA,107000
2659,Employee_02659,DevOps,52000
2660,Employee_02660,Product,36500
2661,Employee_02661,Engineering,39000
2662,Employee_02662,HR,85000
2663,Employee_02663,Finance,36000
2664,Employee_02664,Sales,38500
2665,Employee_02665,Marketing,104500
2666,Employee_02666,Support,89000
2667,Employee_02667,Operations,37000
2668,Employee_02668,QA,63500
2669,Employee_02669,DevOps,112500
2670,Employee_02670,Product,54000
2671,Employee_02671,Engineering,37500
2672,Employee_02672,HR,39000
2673,Employee_02673,Finance,119500
2674,Employee_02674,Sales,40500
2675,Employee_02675,Marketing,95500
2676,Employee_02676,Support,105500
2677,Employee_02677,Operations,77000
2678,Employee_02678,QA,108500
2679,Employee_02679,DevOps,118500
2680,Employee_02680,Product,52500
2681,Employee_02681,Engineering,104000
2682,Employee_02682,HR,53000
2683,Employee_02683,Finance,37500
2684,Employee_02684,Sales,110000
2685,Employee_02685,Marketing,114500
2686,Employee_02686,Support,110000
2687,Employee_02687,Operations,88000
2688,Employee_02688,QA,68000
2689,Employee_02689,DevOps,79000
2690,Employee_02690,Product,105000
2691,Employee_02691,Engineering,50000
2692,Employee_02692,HR,105000
2693,Employee_02693,Finance,83500
2694,Employee_02694,Sales,67000
2695,Employee_02695,Marketing,110500
2696,Employee_02696,Support,33500
2697,Employee_02697,Operations,95000
2698,Employee_02698,QA,80500
2699,Employee_02699,DevOps,102500
2700,Employee_02700,Product,113500
2701,Employee_02701,Engineering,48500
2702,Employee_02702,HR,63000
2703,Employee_02703,Finance,112500
2704,Employee_02704,Sales,33000
2705,Employee_02705,Marketing,41500
2706,Employee_02706,Support,61000
2707,Employee_02707,Operations,104500
2708,Employee_02708,QA,36000
2709,Employee_02709,DevOps,59500
2710,Employee_02710,Product,71500
2711,Employee_02711,Engineering,100500
2712,Employee_02712,HR,36500
2713,Employee_02713,Finance,38500
2714,Employee_02714,Sales,59000
2715,Employee_02715,Marketing,50500
2716,Employee_02716,Support,103000
2717,Employee_02717,Operations,116000
2718,Employee_02718,QA,96500
2719,Employee_02719,DevOps,66000
2720,Employee_02720,Product,107000
2721,Employee_02721,Engineering,79500
2722,Employee_02722,HR,59000
2723,Employee_02723,Finance,102000
2724,Employee_02724,Sales,46500
2725,Employee_02725,Marketing,34500
2726,Employee_02726,Support,45500
2727,Employee_02727,Operations,46000
2728,Employee_02728,QA,116000
2729,Employee_02729,DevOps,92500
2730,Employee_02730,Product,93500
2731,Employee_02731,Engineering,96000
2732,Employee_02732,HR,104000
2733,Employee_02733,Finance,81000
2734,Employee_02734,Sales,32000
2735,Employee_02735,Marketing,100500
2736,Employee_02736,Support,90500
2737,Employee_02737,Operations,81000
2738,Employee_02738,QA,77500
2739,Employee_02739,DevOps,85000
2740,Employee_02740,Product,56000
2741,Employee_02741,Engineering,73000
2742,Employee_02742,HR,87000
2743,Employee_02743,Finance,44500
2744,Employee_02744,Sales,69000
2745,Employee_02745,Marketing,31500
2746,Employee_02746,Support,57500
2747,Employee_02747,Operations,91500
2748,Employee_02748,QA,113000
2749,Employee_02749,DevOps,44000
2750,Employee_02750,Product,83000
2751,Employee_02751,Engineering,97000
2752,Employee_02752,HR,107000
2753,Employee_02753,Finance,79000
2754,Employee_02754,Sales,103000
2755,Employee_02755,Marketing,42000
2756,Employee_02756,Support,85000
2757,Employee_02757,Operations,107000
2758,Employee_02758,QA,88500
2759,Employee_02759,DevOps,47500
2760,Employee_02760,Product,48000
2761,Employee_02761,Engineering,30000
2762,Employee_02762,HR,46000
2763,Employee_02763,Finance,63500
2764,Employee_02764,Sales,31500
2765,Employee_02765,Marketing,110000
2766,Employee_02766,Support,72000
2767,Employee_02767,Operations,104000
2768,Employee_02768,QA,35000
2769,Employee_02769,DevOps,55500
2770,Employee_02770,Product,46000
2771,Employee_02771,Engineering,73000
2772,Employee_02772,HR,112000
2773,Employee_02773,Finance,44500
2774,Employee_02774,Sales,89000
2775,Employee_02775,Marketing,49500
2776,Employee_02776,Support,118500
2777,Employee_02777,Operations,76000
2778,Employee_02778,QA,47000
2779,Employee_02779,DevOps,54500
2780,Employee_02780,Product,94000
2781,Employee_02781,Engineering,32000
2782,Employee_02782,HR,78000
2783,Employee_02783,Finance,97500
2784,Employee_02784,Sales,38000
2785,Employee_02785,Marketing,37000
2786,Employee_02786,Support,99000
2787,Employee_02787,Operations,60500
2788,Employee_02788,QA,77500
2789,Employee_02789,DevOps,78000
2790,Employee_02790,Product,54500
2791,Employee_02791,Engineering,118500
2792,Employee_02792,HR,46000
2793,Employee_02793,Finance,35500
2794,Employee_02794,Sales,44000
2795,Employee_02795,Marketing,96500
2796,Employee_02796,Support,106500
2797,Employee_02797,Operations,58000
2798,Employee_02798,QA,100000
2799,Employee_02799,DevOps,43500
2800,Employee_02800,Product,87500
2801,Employee_02801,Engineering,110500
2802,Employee_02802,HR,75000
2803,Employee_02803,Finance,61500
2804,Employee_02804,Sales,45500
2805,Employee_02805,Marketing,81500
2806,Employee_02806,Support,108000
2807,Employee_02807,Operations,104000
2808,Employee_02808,QA,114500
2809,Employee_02809,DevOps,74500
2810,Employee_02810,Product,33000
2811,Employee_02811,Engineering,112500
2812,Employee_02812,HR,85000
2813,Employee_02813,Finance,53000
2814,Employee_02814,Sales,45500
2815,Employee_02815,Marketing,30000
2816,Employee_02816,Support,97500
2817,Employee_02817,Operations,56000
2818,Employee_02818,QA,85000
2819,Employee_02819,DevOps,35500
2820,Employee_02820,Product,113000
2821,Employee_02821,Engineering,49000
2822,Employee_02822,HR,64500
2823,Employee_02823,Finance,106500
2824,Employee_02824,Sales,72500
2825,Employee_02825,Marketing,71500
2826,Employee_02826,Support,57500
2827,Employee_02827,Operations,95500
2828,Employee_02828,QA,98500
2829,Employee_02829,DevOps,108000
2830,Employee_02830,Product,73000
2831,Employee_02831,Engineering,112500
2832,Employee_02832,HR,57000
2833,Employee_02833,Finance,65000
2834,Employee_02834,Sales,58000
2835,Employee_02835,Marketing,71500
2836,Employee_02836,Support,71500
2837,Employee_02837,Operations,91500
2838,Employee_02838,QA,99000
2839,Employee_02839,DevOps,52000
2840,Employee_02840,Product,47500
2841,Employee_02841,Engineering,43500
2842,Employee_02842,HR,56000
2843,Employee_02843,Finance,106500
2844,Employee_02844,Sales,112500
2845,Employee_02845,Marketing,100000
2846,Employee_02846,Support,98000
2847,Employee_02847,Operations,60500
2848,Employee_02848,QA,49500
2849,Employee_02849,DevOps,89000
2850,Employee_02850,Product,48500
2851,Employee_02851,Engineering,55000
2852,Employee_02852,HR,35000
2853,Employee_02853,Finance,88000
2854,Employee_02854,Sales,37500
2855,Employee_02855,Marketing,111000
2856,Employee_02856,Support,101500
2857,Employee_02857,Operations,74000
2858,Employee_02858,QA,79500
2859,Employee_02859,DevOps,113500
2860,Employee_02860,Product,39500
2861,Employee_02861,Engineering,68500
2862,Employee_02862,HR,53500
2863,Employee_02863,Finance,44500
2864,Employee_02864,Sales,76000
2865,Employee_02865,Marketing,83500
2866,Employee_02866,Support,95000
2867,Employee_02867,Operations,56500
2868,Employee_02868,QA,118500
2869,Employee_02869,DevOps,102500
2870,Employee_02870,Product,56500
2871,Employee_02871,Engineering,89500
2872,Employee_02872,HR,88000
2873,Employee_02873,Finance,47500
2874,Employee_02874,Sales,33500
2875,Employee_02875,Marketing,70000
2876,Employee_02876,Support,32500
2877,Employee_02877,Operations,51500
2878,Employee_02878,QA,107000
2879,Employee_02879,DevOps,48000
2880,Employee_02880,Product,83500
2881,Employee_02881,Engineering,42000
2882,Employee_02882,HR,109500
2883,Employee_02883,Finance,97000
2884,Employee_02884,Sales,105000
2885,Employee_02885,Marketing,113500
2886,Employee_02886,Support,69500
2887,Employee_02887,Operations,50500
2888,Employee_02888,QA,42000
2889,Employee_02889,DevOps,94000
2890,Employee_02890,Product,55000
2891,Employee_02891,Engineering,110500
2892,Employee_02892,HR,33500
2893,Employee_02893,Finance,76000
2894,Employee_02894,Sales,87000
2895,Employee_02895,Marketing,74000
2896,Employee_02896,Support,75500
2897,Employee_02897,Operations,113000
2898,Employee_02898,QA,92500
2899,Employee_02899,DevOps,81000
2900,Employee_02900,Product,48000
2901,Employee_02901,Engineering,86500
2902,Employee_02902,HR,51500
2903,Employee_02903,Finance,53500
2904,Employee_02904,Sales,68000
2905,Employee_02905,Marketing,118000
2906,Employee_02906,Support,47500
2907,Employee_02907,Operations,70000
2908,Employee_02908,QA,86000
2909,Employee_02909,DevOps,74500
2910,Employee_02910,Product,97000
2911,Employee_02911,Engineering,68000
2912,Employee_02912,HR,67500
2913,Employee_02913,Finance,36000
2914,Employee_02914,Sales,105500
2915,Employee_02915,Marketing,69500
2916,Employee_02916,Support,32500
2917,Employee_02917,Operations,80000
2918,Employee_02918,QA,71500
2919,Employee_02919,DevOps,115500
2920,Employee_02920,Product,71000
2921,Employee_02921,Engineering,117000
2922,Employee_02922,HR,89000
2923,Employee_02923,Finance,35500
2924,Employee_02924,Sales,116000
2925,Employee_02925,Marketing,119000
2926,Employee_02926,Support,31500
2927,Employee_02927,Operations,60000
2928,Employee_02928,QA,119500
2929,Employee_02929,DevOps,81000
2930,Employee_02930,Product,45000
2931,Employee_02931,Engineering,48500
2932,Employee_02932,HR,81000
2933,Employee_02933,Finance,105500
2934,Employee_02934,Sales,34000
2935,Employee_02935,Marketing,63000
2936,Employee_02936,Support,105000
2937,Employee_02937,Operations,47000
2938,Employee_02938,QA,105000
2939,Employee_02939,DevOps,38000
2940,Employee_02940,Product,33000
2941,Employee_02941,Engineering,39000
2942,Employee_02942,HR,68000
2943,Employee_02943,Finance,105000
2944,Employee_02944,Sales,83000
2945,Employee_02945,Marketing,107000
2946,Employee_02946,Support,31500
2947,Employee_02947,Operations,107000
2948,Employee_02948,QA,79500
2949,Employee_02949,DevOps,98500
2950,Employee_02950,Product,94000
2951,Employee_02951,Engineering,33000
2952,Employee_02952,HR,49500
2953,Employee_02953,Finance,80500
2954,Employee_02954,Sales,67500
2955,Employee_02955,Marketing,101500
2956,Employee_02956,Support,89000
2957,Employee_02957,Operations,90500
2958,Employee_02958,QA,33500
2959,Employee_02959,DevOps,46000
2960,Employee_02960,Product,85500
2961,Employee_02961,Engineering,52500
2962,Employee_02962,HR,66500
2963,Employee_02963,Finance,112000
2964,Employee_02964,Sales,119000
2965,Employee_02965,Marketing,91000
2966,Employee_02966,Support,47000
2967,Employee_02967,Operations,108000
2968,Employee_02968,QA,95000
2969,Employee_02969,DevOps,65000
2970,Employee_02970,Product,90000
2971,Employee_02971,Engineering,64500
2972,Employee_02972,HR,33500
2973,Employee_02973,Finance,117500
2974,Employee_02974,Sales,65000
2975,Employee_02975,Marketing,120000
2976,Employee_02976,Support,44500
2977,Employee_02977,Operations,57500
2978,Employee_02978,QA,49500
2979,Employee_02979,DevOps,30500
2980,Employee_02980,Product,82500
2981,Employee_02981,Engineering,48500
2982,Employee_02982,HR,41500
2983,Employee_02983,Finance,53000
2984,Employee_02984,Sales,62000
2985,Employee_02985,Marketing,58000
2986,Employee_02986,Support,35000
2987,Employee_02987,Operations,55500
2988,Employee_02988,QA,118500
2989,Employee_02989,DevOps,119000
2990,Employee_02990,Product,119500
2991,Employee_02991,Engineering,99000
2992,Employee_02992,HR,34500
2993,Employee_02993,Finance,53500
2994,Employee_02994,Sales,101000
2995,Employee_02995,Marketing,70000
2996,Employee_02996,Support,42500
2997,Employee_02997,Operations,50000
2998,Employee_02998,QA,108000
2999,Employee_02999,DevOps,63000
3000,Employee_03000,Product,88500
3001,Employee_03001,Engineering,79000
3002,Employee_03002,HR,100000
3003,Employee_03003,Finance,120000
3004,Employee_03004,Sales,80500
3005,Employee_03005,Marketing,117500
3006,Employee_03006,Support,62500
3007,Employee_03007,Operations,93000
3008,Employee_03008,QA,110500
3009,Employee_03009,DevOps,77500
3010,Employee_03010,Product,74000
3011,Employee_03011,Engineering,117500
3012,Employee_03012,HR,93500
3013,Employee_03013,Finance,110000
3014,Employee_03014,Sales,92000
3015,Employee_03015,Marketing,55000
3016,Employee_03016,Support,91500
3017,Employee_03017,Operations,53000
3018,Employee_03018,QA,118000
3019,Employee_03019,DevOps,95500
3020,Employee_03020,Product,101000
3021,Employee_03021,Engineering,95500
3022,Employee_03022,HR,82000
3023,Employee_03023,Finance,96500
3024,Employee_03024,Sales,56000
3025,Employee_03025,Marketing,108000
3026,Employee_03026,Support,83000
3027,Employee_03027,Operations,86500
3028,Employee_03028,QA,45500
3029,Employee_03029,DevOps,44500
3030,Employee_03030,Product,78500
3031,Employee_03031,Engineering,42500
3032,Employee_03032,HR,103000
3033,Employee_03033,Finance,74000
3034,Employee_03034,Sales,37000
3035,Employee_03035,Marketing,78000
3036,Employee_03036,Support,75000
3037,Employee_03037,Operations,58500
3038,Employee_03038,QA,74000
3039,Employee_03039,DevOps,48500
3040,Employee_03040,Product,74000
3041,Employee_03041,Engineering,43000
3042,Employee_03042,HR,70500
3043,Employee_03043,Finance,111500
3044,Employee_03044,Sales,46500
3045,Employee_03045,Marketing,53500
3046,Employee_03046,Support,36000
3047,Employee_03047,Operations,117000
3048,Employee_03048,QA,93000
3049,Employee_03049,DevOps,105500
3050,Employee_03050,Product,76500
3051,Employee_03051,Engineering,83500
3052,Employee_03052,HR,99500
3053,Employee_03053,Finance,64000
3054,Employee_03054,Sales,65500
3055,Employee_03055,Marketing,120000
3056,Employee_03056,Support,91500
3057,Employee_03057,Operations,94500
3058,Employee_03058,QA,95000
3059,Employee_03059,DevOps,35000
3060,Employee_03060,Product,59500
3061,Employee_03061,Engineering,88000
3062,Employee_03062,HR,47000
3063,Employee_03063,Finance,110000
3064,Employee_03064,Sales,100000
3065,Employee_03065,Marketing,55000
3066,Employee_03066,Support,49000
3067,Employee_03067,Operations,46000
3068,Employee_03068,QA,53000
3069,Employee_03069,DevOps,82500
3070,Employee_03070,Product,51500
3071,Employee_03071,Engineering,82000
3072,Employee_03072,HR,89500
3073,Employee_03073,Finance,84000
3074,Employee_03074,Sales,59000
3075,Employee_03075,Marketing,97000
3076,Employee_03076,Support,74000
3077,Employee_03077,Operations,54000
3078,Employee_03078,QA,51000
3079,Employee_03079,DevOps,119500
3080,Employee_03080,Product,75500
3081,Employee_03081,Engineering,38500
3082,Employee_03082,HR,111500
3083,Employee_03083,Finance,77500
3084,Employee_03084,Sales,52500
3085,Employee_03085,Marketing,66500
3086,Employee_03086,Support,52500
3087,Employee_03087,Operations,87500
3088,Employee_03088,QA,78500
3089,Employee_03089,DevOps,103000
3090,Employee_03090,Product,63500
3091,Employee_03091,Engineering,54000
3092,Employee_03092,HR,72000
3093,Employee_03093,Finance,119000
3094,Employee_03094,Sales,43500
3095,Employee_03095,Marketing,116500
3096,Employee_03096,Support,81500
3097,Employee_03097,Operations,68000
3098,Employee_03098,QA,47000
3099,Employee_03099,DevOps,100500
3100,Employee_03100,Product,77000
3101,Employee_03101,Engineering,66500
3102,Employee_03102,HR,47000
3103,Employee_03103,Finance,96500
3104,Employee_03104,Sales,110500
3105,Employee_03105,Marketing,49500
3106,Employee_03106,Support,92500
3107,Employee_03107,Operations,39000
3108,Employee_03108,QA,103500
3109,Employee_03109,DevOps,99000
3110,Employee_03110,Product,93000
3111,Employee_03111,Engineering,74500
3112,Employee_03112,HR,96000
3113,Employee_03113,Finance,107000
3114,Employee_03114,Sales,48000
3115,Employee_03115,Marketing,90500
3116,Employee_03116,Support,80500
3117,Employee_03117,Operations,57500
3118,Employee_03118,QA,85000
3119,Employee_03119,DevOps,117500
3120,Employee_03120,Product,57500
3121,Employee_03121,Engineering,87000
3122,Employee_03122,HR,95000
3123,Employee_03123,Finance,114000
3124,Employee_03124,Sales,35000
3125,Employee_03125,Marketing,110500
3126,Employee_03126,Support,63500
3127,Employee_03127,Operations,51500
3128,Employee_03128,QA,87500
3129,Employee_03129,DevOps,87000
3130,Employee_03130,Product,41000
3131,Employee_03131,Engineering,87000
3132,Employee_03132,HR,81000
3133,Employee_03133,Finance,87000
3134,Employee_03134,Sales,108000
3135,Employee_03135,Marketing,88000
3136,Employee_03136,Support,31500
3137,Employee_03137,Operations,42000
3138,Employee_03138,QA,83500
3139,Employee_03139,DevOps,87500
3140,Employee_03140,Product,51500
3141,Employee_03141,Engineering,95500
3142,Employee_03142,HR,54000
3143,Employee_03143,Finance,41000
3144,Employee_03144,Sales,99500
3145,Employee_03145,Marketing,34000
3146,Employee_03146,Support,46500
3147,Employee_03147,Operations,98000
3148,Employee_03148,QA,71500
3149,Employee_03149,DevOps,98000
3150,Employee_03150,Product,101500
3151,Employee_03151,Engineering,64000
3152,Employee_03152,HR,119500
3153,Employee_03153,Finance,71000
3154,Employee_03154,Sales,104500
3155,Employee_03155,Marketing,115000
3156,Employee_03156,Support,65500
3157,Employee_03157,Operations,80000
3158,Employee_03158,QA,93000
3159,Employee_03159,DevOps,102000
3160,Employee_03160,Product,30000
3161,Employee_03161,Engineering,108500
3162,Employee_03162,HR,91500
3163,Employee_03163,Finance,57000
3164,Employee_03164,Sales,61500
3165,Employee_03165,Marketing,71500
3166,Employee_03166,Support,100000
3167,Employee_03167,Operations,58500
3168,Employee_03168,QA,104000
3169,Employee_03169,DevOps,60500
3170,Employee_03170,Product,100000
3171,Employee_03171,Engineering,68000
3172,Employee_03172,HR,93000
3173,Employee_03173,Finance,85500
3174,Employee_03174,Sales,111500
3175,Employee_03175,Marketing,63000
3176,Employee_03176,Support,42500
3177,Employee_03177,Operations,101000
3178,Employee_03178,QA,54500
3179,Employee_03179,DevOps,34500
3180,Employee_03180,Product,57500
3181,Employee_03181,Engineering,44000
3182,Employee_03182,HR,98500
3183,Employee_03183,Finance,88500
3184,Employee_03184,Sales,31500
3185,Employee_03185,Marketing,69500
3186,Employee_03186,Support,67000
3187,Employee_03187,Operations,46000
3188,Employee_03188,QA,58500
3189,Employee_03189,DevOps,89000
3190,Employee_03190,Product,104500
3191,Employee_03191,Engineering,112000
3192,Employee_03192,HR,88000
3193,Employee_03193,Finance,58000
3194,Employee_03194,Sales,74500
3195,Employee_03195,Marketing,79000
3196,Employee_03196,Support,65000
3197,Employee_03197,Operations,57500
3198,Employee_03198,QA,111000
3199,Employee_03199,DevOps,88500
3200,Employee_03200,Product,86500
3201,Employee_03201,Engineering,67000
3202,Employee_03202,HR,82000
3203,Employee_03203,Finance,72500
3204,Employee_03204,Sales,93500
3205,Employee_03205,Marketing,113500
3206,Employee_03206,Support,99000
3207,Employee_03207,Operations,90500
3208,Employee_03208,QA,106000
3209,Employee_03209,DevOps,73000
3210,Employee_03210,Product,91500
3211,Employee_03211,Engineering,116000
3212,Employee_03212,HR,108500
3213,Employee_03213,Finance,75500
3214,Employee_03214,Sales,108000
3215,Employee_03215,Marketing,43500
3216,Employee_03216,Support,83000
3217,Employee_03217,Operations,79500
3218,Employee_03218,QA,71500
3219,Employee_03219,DevOps,50500
3220,Employee_03220,Product,53000
3221,Employee_03221,Engineering,40500
3222,Employee_03222,HR,120000
3223,Employee_03223,Finance,117000
3224,Employee_03224,Sales,44000
3225,Employee_03225,Marketing,43500
3226,Employee_03226,Support,118000
3227,Employee_03227,Operations,91000
3228,Employee_03228,QA,75500
3229,Employee_03229,DevOps,57000
3230,Employee_03230,Product,116000
3231,Employee_03231,Engineering,109000
3232,Employee_03232,HR,50000
3233,Employee_03233,Finance,44000
3234,Employee_03234,Sales,44000
3235,Employee_03235,Marketing,72000
3236,Employee_03236,Support,114000
3237,Employee_03237,Operations,116500
3238,Employee_03238,QA,107000
3239,Employee_03239,DevOps,36000
3240,Employee_03240,Product,58500
3241,Employee_03241,Engineering,115500
3242,Employee_03242,HR,106000
3243,Employee_03243,Finance,91500
3244,Employee_03244,Sales,35500
3245,Employee_03245,Marketing,101000
3246,Employee_03246,Support,50500
3247,Employee_03247,Operations,113500
3248,Employee_03248,QA,37000
3249,Employee_03249,DevOps,117000
3250,Employee_03250,Product,41500
3251,Employee_03251,Engineering,106000
3252,Employee_03252,HR,35000
3253,Employee_03253,Finance,105500
3254,Employee_03254,Sales,85500
3255,Employee_03255,Marketing,97000
3256,Employee_03256,Support,39500
3257,Employee_03257,Operations,81500
3258,Employee_03258,QA,63000
3259,Employee_03259,DevOps,74500
3260,Employee_03260,Product,60000
3261,Employee_03261,Engineering,90500
3262,Employee_03262,HR,88000
3263,Employee_03263,Finance,118000
3264,Employee_03264,Sales,106500
3265,Employee_03265,Marketing,113000
3266,Employee_03266,Support,75500
3267,Employee_03267,Operations,38000
3268,Employee_03268,QA,45500
3269,Employee_03269,DevOps,46500
3270,Employee_03270,Product,82000
3271,Employee_03271,Engineering,102500
3272,Employee_03272,HR,63500
3273,Employee_03273,Finance,55000
3274,Employee_03274,Sales,108000
3275,Employee_03275,Marketing,102500
3276,Employee_03276,Support,64500
3277,Employee_03277,Operations,42000
3278,Employee_03278,QA,43500
3279,Employee_03279,DevOps,88500
3280,Employee_03280,Product,111000
3281,Employee_03281,Engineering,113500
3282,Employee_03282,HR,30000
3283,Employee_03283,Finance,93500
3284,Employee_03284,Sales,111500
3285,Employee_03285,Marketing,68000
3286,Employee_03286,Support,53000
3287,Employee_03287,Operations,78500
3288,Employee_03288,QA,74500
3289,Employee_03289,DevOps,91500
3290,Employee_03290,Product,115000
3291,Employee_03291,Engineering,114000
3292,Employee_03292,HR,44500
3293,Employee_03293,Finance,115000
3294,Employee_03294,Sales,83500
3295,Employee_03295,Marketing,32000
3296,Employee_03296,Support,92500
3297,Employee_03297,Operations,72000
3298,Employee_03298,QA,41500
3299,Employee_03299,DevOps,100000
3300,Employee_03300,Product,65500
3301,Employee_03301,Engineering,97000
3302,Employee_03302,HR,115500
3303,Employee_03303,Finance,99500
3304,Employee_03304,Sales,110500
3305,Employee_03305,Marketing,62000
3306,Employee_03306,Support,60500
3307,Employee_03307,Operations,47000
3308,Employee_03308,QA,71500
3309,Employee_03309,DevOps,54000
3310,Employee_03310,Product,58000
3311,Employee_03311,Engineering,120000
3312,Employee_03312,HR,68500
3313,Employee_03313,Finance,98000
3314,Employee_03314,Sales,64500
3315,Employee_03315,Marketing,47500
3316,Employee_03316,Support,110500
3317,Employee_03317,Operations,105500
3318,Employee_03318,QA,59000
3319,Employee_03319,DevOps,55000
3320,Employee_03320,Product,73500
3321,Employee_03321,Engineering,73500
3322,Employee_03322,HR,101000
3323,Employee_03323,Finance,113000
3324,Employee_03324,Sales,44500
3325,Employee_03325,Marketing,79500
3326,Employee_03326,Support,76500
3327,Employee_03327,Operations,53000
3328,Employee_03328,QA,58000
3329,Employee_03329,DevOps,57500
3330,Employee_03330,Product,62500
3331,Employee_03331,Engineering,30000
3332,Employee_03332,HR,97000
3333,Employee_03333,Finance,43000
3334,Employee_03334,Sales,90500
3335,Employee_03335,Marketing,53000
3336,Employee_03336,Support,37000
3337,Employee_03337,Operations,37500
3338,Employee_03338,QA,76000
3339,Employee_03339,DevOps,75500
3340,Employee_03340,Product,110000
3341,Employee_03341,Engineering,80000
3342,Employee_03342,HR,45500
3343,Employee_03343,Finance,101000
3344,Employee_03344,Sales,97000
3345,Employee_03345,Marketing,109500
3346,Employee_03346,Support,77000
3347,Employee_03347,Operations,50000
3348,Employee_03348,QA,108000
3349,Employee_03349,DevOps,114000
3350,Employee_03350,Product,116000
3351,Employee_03351,Engineering,120000
3352,Employee_03352,HR,55500
3353,Employee_03353,Finance,65000
3354,Employee_03354,Sales,74000
3355,Employee_03355,Marketing,117000
3356,Employee_03356,Support,42000
3357,Employee_03357,Operations,57500
3358,Employee_03358,QA,94500
3359,Employee_03359,DevOps,70000
3360,Employee_03360,Product,98500
3361,Employee_03361,Engineering,68500
3362,Employee_03362,HR,50000
3363,Employee_03363,Finance,71500
3364,Employee_03364,Sales,99000
3365,Employee_03365,Marketing,53000
3366,Employee_03366,Support,100000
3367,Employee_03367,Operations,42000
3368,Employee_03368,QA,56500
3369,Employee_03369,DevOps,72000
3370,Employee_03370,Product,31500
3371,Employee_03371,Engineering,56500
3372,Employee_03372,HR,86000
3373,Employee_03373,Finance,95500
3374,Employee_03374,Sales,102500
3375,Employee_03375,Marketing,68000
3376,Employee_03376,Support,47000
3377,Employee_03377,Operations,96500
3378,Employee_03378,QA,84500
3379,Employee_03379,DevOps,65500
3380,Employee_03380,Product,111000
3381,Employee_03381,Engineering,58500
3382,Employee_03382,HR,37500
3383,Employee_03383,Finance,39000
3384,Employee_03384,Sales,82500
3385,Employee_03385,Marketing,66500
3386,Employee_03386,Support,46000
3387,Employee_03387,Operations,44000
3388,Employee_03388,QA,54000
3389,Employee_03389,DevOps,54500
3390,Employee_03390,Product,39500
3391,Employee_03391,Engineering,55000
3392,Employee_03392,HR,82500
3393,Employee_03393,Finance,50500
3394,Employee_03394,Sales,40000
3395,Employee_03395,Marketing,63000
3396,Employee_03396,Support,103500
3397,Employee_03397,Operations,35000
3398,Employee_03398,QA,36500
3399,Employee_03399,DevOps,87500
3400,Employee_03400,Product,32000
3401,Employee_03401,Engineering,86500
3402,Employee_03402,HR,62000
3403,Employee_03403,Finance,114000
3404,Employee_03404,Sales,32000
3405,Employee_03405,Marketing,54000
3406,Employee_03406,Support,32000
3407,Employee_03407,Operations,81000
3408,Employee_03408,QA,104500
3409,Employee_03409,DevOps,78500
3410,Employee_03410,Product,76500
3411,Employee_03411,Engineering,54000
3412,Employee_03412,HR,36500
3413,Employee_03413,Finance,83500
3414,Employee_03414,Sales,32500
3415,Employee_03415,Marketing,104500
3416,Employee_03416,Support,60500
3417,Employee_03417,Operations,30500
3418,Employee_03418,QA,84000
3419,Employee_03419,DevOps,38500
3420,Employee_03420,Product,60000
3421,Employee_03421,Engineering,100000
3422,Employee_03422,HR,107000
3423,Employee_03423,Finance,59500
3424,Employee_03424,Sales,90500
3425,Employee_03425,Marketing,109000
3426,Employee_03426,Support,110000
3427,Employee_03427,Operations,46000
3428,Employee_03428,QA,74000
3429,Employee_03429,DevOps,40500
3430,Employee_03430,Product,90500
3431,Employee_03431,Engineering,109500
3432,Employee_03432,HR,82500
3433,Employee_03433,Finance,87500
3434,Employee_03434,Sales,91000
3435,Employee_03435,Marketing,57000
3436,Employee_03436,Support,101000
3437,Employee_03437,Operations,34500
3438,Employee_03438,QA,116500
3439,Employee_03439,DevOps,57000
3440,Employee_03440,Product,91500
3441,Employee_03441,Engineering,34000
3442,Employee_03442,HR,53000
3443,Employee_03443,Finance,49000
3444,Employee_03444,Sales,103500
3445,Employee_03445,Marketing,65000
3446,Employee_03446,Support,30500
3447,Employee_03447,Operations,83500
3448,Employee_03448,QA,76000
3449,Employee_03449,DevOps,49000
3450,Employee_03450,Product,99500
3451,Employee_03451,Engineering,102000
3452,Employee_03452,HR,84500
3453,Employee_03453,Finance,71500
3454,Employee_03454,Sales,118500
3455,Employee_03455,Marketing,113000
3456,Employee_03456,Support,68000
3457,Employee_03457,Operations,31000
3458,Employee_03458,QA,93000
3459,Employee_03459,DevOps,109500
3460,Employee_03460,Product,115500
3461,Employee_03461,Engineering,112500
3462,Employee_03462,HR,40500
3463,Employee_03463,Finance,72000
3464,Employee_03464,Sales,31000
3465,Employee_03465,Marketing,114000
3466,Employee_03466,Support,100500
3467,Employee_03467,Operations,117500
3468,Employee_03468,QA,103500
3469,Employee_03469,DevOps,49000
3470,Employee_03470,Product,104000
3471,Employee_03471,Engineering,59500
3472,Employee_03472,HR,62000
3473,Employee_03473,Finance,40000
3474,Employee_03474,Sales,58000
3475,Employee_03475,Marketing,39500
3476,Employee_03476,Support,41500
3477,Employee_03477,Operations,32500
3478,Employee_03478,QA,67000
3479,Employee_03479,DevOps,79500
3480,Employee_03480,Product,108000
3481,Employee_03481,Engineering,33500
3482,Employee_03482,HR,90500
3483,Employee_03483,Finance,109000
3484,Employee_03484,Sales,111500
3485,Employee_03485,Marketing,57500
3486,Employee_03486,Support,69000
3487,Employee_03487,Operations,32000
3488,Employee_03488,QA,64000
3489,Employee_03489,DevOps,107000
3490,Employee_03490,Product,120000
3491,Employee_03491,Engineering,52500
3492,Employee_03492,HR,49000
3493,Employee_03493,Finance,78000
3494,Employee_03494,Sales,65500
3495,Employee_03495,Marketing,118000
3496,Employee_03496,Support,83000
3497,Employee_03497,Operations,42500
3498,Employee_03498,QA,66000
3499,Employee_03499,DevOps,60000
3500,Employee_03500,Product,77000
3501,Employee_03501,Engineering,95500
3502,Employee_03502,HR,61000
3503,Employee_03503,Finance,92500
3504,Employee_03504,Sales,54500
3505,Employee_03505,Marketing,85000
3506,Employee_03506,Support,40500
3507,Employee_03507,Operations,112500
3508,Employee_03508,QA,80500
3509,Employee_03509,DevOps,48500
3510,Employee_03510,Product,78000
3511,Employee_03511,Engineering,64000
3512,Employee_03512,HR,67000
3513,Employee_03513,Finance,105000
3514,Employee_03514,Sales,105000
3515,Employee_03515,Marketing,92500
3516,Employee_03516,Support,42500
3517,Employee_03517,Operations,40000
3518,Employee_03518,QA,57000
3519,Employee_03519,DevOps,34500
3520,Employee_03520,Product,46000
3521,Employee_03521,Engineering,42000
3522,Employee_03522,HR,80000
3523,Employee_03523,Finance,39000
3524,Employee_03524,Sales,72000
3525,Employee_03525,Marketing,76500
3526,Employee_03526,Support,44000
3527,Employee_03527,Operations,82000
3528,Employee_03528,QA,89500
3529,Employee_03529,DevOps,107000
3530,Employee_03530,Product,105500
3531,Employee_03531,Engineering,102000
3532,Employee_03532,HR,64500
3533,Employee_03533,Finance,88000
3534,Employee_03534,Sales,80500
3535,Employee_03535,Marketing,93000
3536,Employee_03536,Support,66500
3537,Employee_03537,Operations,84000
3538,Employee_03538,QA,62000
3539,Employee_03539,DevOps,46000
3540,Employee_03540,Product,54500
3541,Employee_03541,Engineering,114000
3542,Employee_03542,HR,57000
3543,Employee_03543,Finance,43500
3544,Employee_03544,Sales,41500
3545,Employee_03545,Marketing,103500
3546,Employee_03546,Support,68500
3547,Employee_03547,Operations,43500
3548,Employee_03548,QA,79500
3549,Employee_03549,DevOps,93000
3550,Employee_03550,Product,40000
3551,Employee_03551,Engineering,106000
3552,Employee_03552,HR,111500
3553,Employee_03553,Finance,94500
3554,Employee_03554,Sales,96000
3555,Employee_03555,Marketing,65500
3556,Employee_03556,Support,107000
3557,Employee_03557,Operations,81500
3558,Employee_03558,QA,40000
3559,Employee_03559,DevOps,110000
3560,Employee_03560,Product,84000
3561,Employee_03561,Engineering,34500
3562,Employee_03562,HR,49500
3563,Employee_03563,Finance,33500
3564,Employee_03564,Sales,52500
3565,Employee_03565,Marketing,46000
3566,Employee_03566,Support,91000
3567,Employee_03567,Operations,87500
3568,Employee_03568,QA,100000
3569,Employee_03569,DevOps,47000
3570,Employee_03570,Product,89000
3571,Employee_03571,Engineering,92000
3572,Employee_03572,HR,59000
3573,Employee_03573,Finance,119500
3574,Employee_03574,Sales,42500
3575,Employee_03575,Marketing,77000
3576,Employee_03576,Support,115500
3577,Employee_03577,Operations,54000
3578,Employee_03578,QA,40500
3579,Employee_03579,DevOps,76500
3580,Employee_03580,Product,95000
3581,Employee_03581,Engineering,38500
3582,Employee_03582,HR,66500
3583,Employee_03583,Finance,65500
3584,Employee_03584,Sales,115500
3585,Employee_03585,Marketing,60000
3586,Employee_03586,Support,48000
3587,Employee_03587,Operations,44000
3588,Employee_03588,QA,36500
3589,Employee_03589,DevOps,103500
3590,Employee_03590,Product,98000
3591,Employee_03591,Engineering,72000
3592,Employee_03592,HR,59500
3593,Employee_03593,Finance,66000
3594,Employee_03594,Sales,81000
3595,Employee_03595,Marketing,62000
3596,Employee_03596,Support,72000
3597,Employee_03597,Operations,33500
3598,Employee_03598,QA,61500
3599,Employee_03599,DevOps,79500
3600,Employee_03600,Product,102500
3601,Employee_03601,Engineering,36000
3602,Employee_03602,HR,66000
3603,Employee_03603,Finance,106000
3604,Employee_03604,Sales,100500
3605,Employee_03605,Marketing,89000
3606,Employee_03606,Support,113500
3607,Employee_03607,Operations,65000
3608,Employee_03608,QA,52000
3609,Employee_03609,DevOps,115000
3610,Employee_03610,Product,109000
3611,Employee_03611,Engineering,44500
3612,Employee_03612,HR,47000
3613,Employee_03613,Finance,30500
3614,Employee_03614,Sales,43500
3615,Employee_03615,Marketing,67500
3616,Employee_03616,Support,85500
3617,Employee_03617,Operations,108500
3618,Employee_03618,QA,86500
3619,Employee_03619,DevOps,48500
3620,Employee_03620,Product,81000
3621,Employee_03621,Engineering,76000
3622,Employee_03622,HR,97000
3623,Employee_03623,Finance,45500
3624,Employee_03624,Sales,112500
3625,Employee_03625,Marketing,81000
3626,Employee_03626,Support,98000
3627,Employee_03627,Operations,65000
3628,Employee_03628,QA,109500
3629,Employee_03629,DevOps,119500
3630,Employee_03630,Product,43500
3631,Employee_03631,Engineering,82000
3632,Employee_03632,HR,102000
3633,Employee_03633,Finance,100500
3634,Employee_03634,Sales,40500
3635,Employee_03635,Marketing,49500
3636,Employee_03636,Support,42500
3637,Employee_03637,Operations,37500
3638,Employee_03638,QA,118000
3639,Employee_03639,DevOps,46500
3640,Employee_03640,Product,99000
3641,Employee_03641,Engineering,46000
3642,Employee_03642,HR,111000
3643,Employee_03643,Finance,51500
3644,Employee_03644,Sales,80000
3645,Employee_03645,Marketing,110000
3646,Employee_03646,Support,93500
3647,Employee_03647,Operations,95500
3648,Employee_03648,QA,116500
3649,Employee_03649,DevOps,73500
3650,Employee_03650,Product,108500
3651,Employee_03651,Engineering,87000
3652,Employee_03652,HR,32000
3653,Employee_03653,Finance,111000
3654,Employee_03654,Sales,91000
3655,Employee_03655,Marketing,57000
3656,Employee_03656,Support,98500
3657,Employee_03657,Operations,66500
3658,Employee_03658,QA,64500
3659,Employee_03659,DevOps,77500
3660,Employee_03660,Product,34500
3661,Employee_03661,Engineering,91500
3662,Employee_03662,HR,90000
3663,Employee_03663,Finance,114500
3664,Employee_03664,Sales,110500
3665,Employee_03665,Marketing,63500
3666,Employee_03666,Support,42500
3667,Employee_03667,Operations,53500
3668,Employee_03668,QA,40500
3669,Employee_03669,DevOps,92000
3670,Employee_03670,Product,37000
3671,Employee_03671,Engineering,34000
3672,Employee_03672,HR,76000
3673,Employee_03673,Finance,116000
3674,Employee_03674,Sales,88000
3675,Employee_03675,Marketing,46500
3676,Employee_03676,Support,32500
3677,Employee_03677,Operations,88500
3678,Employee_03678,QA,102500
3679,Employee_03679,DevOps,80500
3680,Employee_03680,Product,38000
3681,Employee_03681,Engineering,65500
3682,Employee_03682,HR,47500
3683,Employee_03683,Finance,85500
3684,Employee_03684,Sales,82500
3685,Employee_03685,Marketing,96000
3686,Employee_03686,Support,42500
3687,Employee_03687,Operations,86500
3688,Employee_03688,QA,97500
3689,Employee_03689,DevOps,69500
3690,Employee_03690,Product,38500
3691,Employee_03691,Engineering,106000
3692,Employee_03692,HR,74500
3693,Employee_03693,Finance,56500
3694,Employee_03694,Sales,72500
3695,Employee_03695,Marketing,101000
3696,Employee_03696,Support,111500
3697,Employee_03697,Operations,69500
3698,Employee_03698,QA,62500
3699,Employee_03699,DevOps,105500
3700,Employee_03700,Product,65000
3701,Employee_03701,Engineering,41000
3702,Employee_03702,HR,57500
3703,Employee_03703,Finance,102000
3704,Employee_03704,Sales,67000
3705,Employee_03705,Marketing,70000
3706,Employee_03706,Support,56000
3707,Employee_03707,Operations,52500
3708,Employee_03708,QA,47500
3709,Employee_03709,DevOps,45500
3710,Employee_03710,Product,56000
3711,Employee_03711,Engineering,106000
3712,Employee_03712,HR,113500
3713,Employee_03713,Finance,120000
3714,Employee_03714,Sales,85000
3715,Employee_03715,Marketing,97500
3716,Employee_03716,Support,74000
3717,Employee_03717,Operations,115000
3718,Employee_03718,QA,104000
3719,Employee_03719,DevOps,65000
3720,Employee_03720,Product,98500
3721,Employee_03721,Engineering,88000
3722,Employee_03722,HR,102000
3723,Employee_03723,Finance,65500
3724,Employee_03724,Sales,55000
3725,Employee_03725,Marketing,92500
3726,Employee_03726,Support,118500
3727,Employee_03727,Operations,57500
3728,Employee_03728,QA,52000
3729,Employee_03729,DevOps,99500
3730,Employee_03730,Product,114500
3731,Employee_03731,Engineering,87000
3732,Employee_03732,HR,49000
3733,Employee_03733,Finance,88000
3734,Employee_03734,Sales,48500
3735,Employee_03735,Marketing,72000
3736,Employee_03736,Support,33500
3737,Employee_03737,Operations,52000
3738,Employee_03738,QA,107000
3739,Employee_03739,DevOps,68500
3740,Employee_03740,Product,92000
3741,Employee_03741,Engineering,37000
3742,Employee_03742,HR,111000
3743,Employee_03743,Finance,69000
3744,Employee_03744,Sales,56500
3745,Employee_03745,Marketing,69000
3746,Employee_03746,Support,72000
3747,Employee_03747,Operations,54000
3748,Employee_03748,QA,114500
3749,Employee_03749,DevOps,101000
3750,Employee_03750,Product,52000
3751,Employee_03751,Engineering,107500
3752,Employee_03752,HR,115000
3753,Employee_03753,Finance,88500
3754,Employee_03754,Sales,91500
3755,Employee_03755,Marketing,53500
3756,Employee_03756,Support,39000
3757,Employee_03757,Operations,47500
3758,Employee_03758,QA,60000
3759,Employee_03759,DevOps,90000
3760,Employee_03760,Product,120000
3761,Employee_03761,Engineering,86000
3762,Employee_03762,HR,47500
3763,Employee_03763,Finance,112000
3764,Employee_03764,Sales,34500
3765,Employee_03765,Marketing,58000
3766,Employee_03766,Support,98500
3767,Employee_03767,Operations,66500
3768,Employee_03768,QA,113000
3769,Employee_03769,DevOps,112000
3770,Employee_03770,Product,69500
3771,Employee_03771,Engineering,38500
3772,Employee_03772,HR,106000
3773,Employee_03773,Finance,61500
3774,Employee_03774,Sales,50000
3775,Employee_03775,Marketing,95000
3776,Employee_03776,Support,52500
3777,Employee_03777,Operations,110000
3778,Employee_03778,QA,113500
3779,Employee_03779,DevOps,42500
3780,Employee_03780,Product,42000
3781,Employee_03781,Engineering,71000
3782,Employee_03782,HR,40000
3783,Employee_03783,Finance,74000
3784,Employee_03784,Sales,58500
3785,Employee_03785,Marketing,69000
3786,Employee_03786,Support,109500
3787,Employee_03787,Operations,31000
3788,Employee_03788,QA,68000
3789,Employee_03789,DevOps,106000
3790,Employee_03790,Product,85500
3791,Employee_03791,Engineering,53500
3792,Employee_03792,HR,68000
3793,Employee_03793,Finance,64500
3794,Employee_03794,Sales,70000
3795,Employee_03795,Marketing,69000
3796,Employee_03796,Support,83000
3797,Employee_03797,Operations,112000
3798,Employee_03798,QA,52000
3799,Employee_03799,DevOps,65500
3800,Employee_03800,Product,67000
3801,Employee_03801,Engineering,42500
3802,Employee_03802,HR,105500
3803,Employee_03803,Finance,52000
3804,Employee_03804,Sales,77000
3805,Employee_03805,Marketing,111000
3806,Employee_03806,Support,37500
3807,Employee_03807,Operations,38000
3808,Employee_03808,QA,57000
3809,Employee_03809,DevOps,31000
3810,Employee_03810,Product,77000
3811,Employee_03811,Engineering,67500
3812,Employee_03812,HR,106500
3813,Employee_03813,Finance,53500
3814,Employee_03814,Sales,35500
3815,Employee_03815,Marketing,118500
3816,Employee_03816,Support,52500
3817,Employee_03817,Operations,48500
3818,Employee_03818,QA,48500
3819,Employee_03819,DevOps,93500
3820,Employee_03820,Product,110000
3821,Employee_03821,Engineering,94500
3822,Employee_03822,HR,81500
3823,Employee_03823,Finance,70000
3824,Employee_03824,Sales,111500
3825,Employee_03825,Marketing,41000
3826,Employee_03826,Support,113500
3827,Employee_03827,Operations,115500
3828,Employee_03828,QA,99500
3829,Employee_03829,DevOps,109000
3830,Employee_03830,Product,109000
3831,Employee_03831,Engineering,32000
3832,Employee_03832,HR,107000
3833,Employee_03833,Finance,114500
3834,Employee_03834,Sales,83000
3835,Employee_03835,Marketing,114000
3836,Employee_03836,Support,107000
3837,Employee_03837,Operations,82500
3838,Employee_03838,QA,84500
3839,Employee_03839,DevOps,100500
3840,Employee_03840,Product,59500
3841,Employee_03841,Engineering,31000
3842,Employee_03842,HR,102000
3843,Employee_03843,Finance,105500
3844,Employee_03844,Sales,116500
3845,Employee_03845,Marketing,114500
3846,Employee_03846,Support,32500
3847,Employee_03847,Operations,38000
3848,Employee_03848,QA,101000
3849,Employee_03849,DevOps,102000
3850,Employee_03850,Product,81000
3851,Employee_03851,Engineering,69000
3852,Employee_03852,HR,50000
3853,Employee_03853,Finance,101500
3854,Employee_03854,Sales,79500
3855,Employee_03855,Marketing,59500
3856,Employee_03856,Support,44500
3857,Employee_03857,Operations,60500
3858,Employee_03858,QA,116000
3859,Employee_03859,DevOps,85000
3860,Employee_03860,Product,90500
3861,Employee_03861,Engineering,46000
3862,Employee_03862,HR,81500
3863,Employee_03863,Finance,93500
3864,Employee_03864,Sales,90000
3865,Employee_03865,Marketing,63500
3866,Employee_03866,Support,39000
3867,Employee_03867,Operations,66500
3868,Employee_03868,QA,64500
3869,Employee_03869,DevOps,120000
3870,Employee_03870,Product,47000
3871,Employee_03871,Engineering,114500
3872,Employee_03872,HR,104500
3873,Employee_03873,Finance,105500
3874,Employee_03874,Sales,103000
3875,Employee_03875,Marketing,63500
3876,Employee_03876,Support,92500
3877,Employee_03877,Operations,65500
3878,Employee_03878,QA,40500
3879,Employee_03879,DevOps,112000
3880,Employee_03880,Product,117500
3881,Employee_03881,Engineering,81500
3882,Employee_03882,HR,107000
3883,Employee_03883,Finance,114000
3884,Employee_03884,Sales,45500
3885,Employee_03885,Marketing,42000
3886,Employee_03886,Support,107500
3887,Employee_03887,Operations,55500
3888,Employee_03888,QA,64500
3889,Employee_03889,DevOps,94000
3890,Employee_03890,Product,106000
3891,Employee_03891,Engineering,113500
3892,Employee_03892,HR,110000
3893,Employee_03893,Finance,50500
3894,Employee_03894,Sales,90500
3895,Employee_03895,Marketing,113500
3896,Employee_03896,Support,97500
3897,Employee_03897,Operations,60000
3898,Employee_03898,QA,47000
3899,Employee_03899,DevOps,30500
3900,Employee_03900,Product,120000
3901,Employee_03901,Engineering,41500
3902,Employee_03902,HR,109500
3903,Employee_03903,Finance,105500
3904,Employee_03904,Sales,56000
3905,Employee_03905,Marketing,63000
3906,Employee_03906,Support,98000
3907,Employee_03907,Operations,116500
3908,Employee_03908,QA,114000
3909,Employee_03909,DevOps,60000
3910,Employee_03910,Product,66000
3911,Employee_03911,Engineering,43500
3912,Employee_03912,HR,77500
3913,Employee_03913,Finance,47500
3914,Employee_03914,Sales,102500
3915,Employee_03915,Marketing,99000
3916,Employee_03916,Support,105500
3917,Employee_03917,Operations,39000
3918,Employee_03918,QA,84000
3919,Employee_03919,DevOps,110500
3920,Employee_03920,Product,69000
3921,Employee_03921,Engineering,95000
3922,Employee_03922,HR,56500
3923,Employee_03923,Finance,73500
3924,Employee_03924,Sales,66000
3925,Employee_03925,Marketing,72500
3926,Employee_03926,Support,88000
3927,Employee_03927,Operations,72500
3928,Employee_03928,QA,94000
3929,Employee_03929,DevOps,62000
3930,Employee_03930,Product,39500
3931,Employee_03931,Engineering,74000
3932,Employee_03932,HR,35500
3933,Employee_03933,Finance,107500
3934,Employee_03934,Sales,58500
3935,Employee_03935,Marketing,111000
3936,Employee_03936,Support,89000
3937,Employee_03937,Operations,110000
3938,Employee_03938,QA,40000
3939,Employee_03939,DevOps,67000
3940,Employee_03940,Product,73000
3941,Employee_03941,Engineering,91000
3942,Employee_03942,HR,49000
3943,Employee_03943,Finance,39500
3944,Employee_03944,Sales,98000
3945,Employee_03945,Marketing,109000
3946,Employee_03946,Support,58000
3947,Employee_03947,Operations,77000
3948,Employee_03948,QA,119000
3949,Employee_03949,DevOps,117500
3950,Employee_03950,Product,68000
3951,Employee_03951,Engineering,50000
3952,Employee_03952,HR,77500
3953,Employee_03953,Finance,31500
3954,Employee_03954,Sales,104000
3955,Employee_03955,Marketing,86500
3956,Employee_03956,Support,49500
3957,Employee_03957,Operations,32000
3958,Employee_03958,QA,96500
3959,Employee_03959,DevOps,95000
3960,Employee_03960,Product,90500
3961,Employee_03961,Engineering,77000
3962,Employee_03962,HR,68500
3963,Employee_03963,Finance,44000
3964,Employee_03964,Sales,52000
3965,Employee_03965,Marketing,99500
3966,Employee_03966,Support,40500
3967,Employee_03967,Operations,32000
3968,Employee_03968,QA,78000
3969,Employee_03969,DevOps,91500
3970,Employee_03970,Product,30000
3971,Employee_03971,Engineering,86500
3972,Employee_03972,HR,43000
3973,Employee_03973,Finance,110000
3974,Employee_03974,Sales,116500
3975,Employee_03975,Marketing,50500
3976,Employee_03976,Support,92500
3977,Employee_03977,Operations,106000
3978,Employee_03978,QA,43500
3979,Employee_03979,DevOps,101000
3980,Employee_03980,Product,33500
3981,Employee_03981,Engineering,70500
3982,Employee_03982,HR,50500
3983,Employee_03983,Finance,109000
3984,Employee_03984,Sales,98500
3985,Employee_03985,Marketing,114500
3986,Employee_03986,Support,77500
3987,Employee_03987,Operations,40500
3988,Employee_03988,QA,74500
3989,Employee_03989,DevOps,70500
3990,Employee_03990,Product,69000
3991,Employee_03991,Engineering,96000
3992,Employee_03992,HR,35500
3993,Employee_03993,Finance,47500
3994,Employee_03994,Sales,49000
3995,Employee_03995,Marketing,93500
3996,Employee_03996,Support,86500
3997,Employee_03997,Operations,44500
3998,Employee_03998,QA,91000
3999,Employee_03999,DevOps,100500
4000,Employee_04000,Product,109000
4001,Employee_04001,Engineering,74500
4002,Employee_04002,HR,98500
4003,Employee_04003,Finance,99000
4004,Employee_04004,Sales,61000
4005,Employee_04005,Marketing,118000
4006,Employee_04006,Support,56500
4007,Employee_04007,Operations,54000
4008,Employee_04008,QA,74500
4009,Employee_04009,DevOps,62500
4010,Employee_04010,Product,92500
4011,Employee_04011,Engineering,80500
4012,Employee_04012,HR,119000
4013,Employee_04013,Finance,79000
4014,Employee_04014,Sales,101000
4015,Employee_04015,Marketing,51500
4016,Employee_04016,Support,74000
4017,Employee_04017,Operations,31000
4018,Employee_04018,QA,45500
4019,Employee_04019,DevOps,58500
4020,Employee_04020,Product,35500
4021,Employee_04021,Engineering,107000
4022,Employee_04022,HR,118500
4023,Employee_04023,Finance,68000
4024,Employee_04024,Sales,50000
4025,Employee_04025,Marketing,40000
4026,Employee_04026,Support,94500
4027,Employee_04027,Operations,69000
4028,Employee_04028,QA,32500
4029,Employee_04029,DevOps,39000
4030,Employee_04030,Product,59500
4031,Employee_04031,Engineering,97000
4032,Employee_04032,HR,79500
4033,Employee_04033,Finance,102000
4034,Employee_04034,Sales,108000
4035,Employee_04035,Marketing,86500
4036,Employee_04036,Support,96500
4037,Employee_04037,Operations,105000
4038,Employee_04038,QA,112000
4039,Employee_04039,DevOps,100500
4040,Employee_04040,Product,65000
4041,Employee_04041,Engineering,95000
4042,Employee_04042,HR,94000
4043,Employee_04043,Finance,85000
4044,Employee_04044,Sales,103000
4045,Employee_04045,Marketing,110500
4046,Employee_04046,Support,118500
4047,Employee_04047,Operations,95500
4048,Employee_04048,QA,89000
4049,Employee_04049,DevOps,58500
4050,Employee_04050,Product,105500
4051,Employee_04051,Engineering,94000
4052,Employee_04052,HR,40500
4053,Employee_04053,Finance,112000
4054,Employee_04054,Sales,72000
4055,Employee_04055,Marketing,86500
4056,Employee_04056,Support,35000
4057,Employee_04057,Operations,50000
4058,Employee_04058,QA,76500
4059,Employee_04059,DevOps,51500
4060,Employee_04060,Product,76500
4061,Employee_04061,Engineering,80000
4062,Employee_04062,HR,55000
4063,Employee_04063,Finance,86500
4064,Employee_04064,Sales,75500
4065,Employee_04065,Marketing,48500
4066,Employee_04066,Support,35500
4067,Employee_04067,Operations,56500
4068,Employee_04068,QA,90000
4069,Employee_04069,DevOps,92000
4070,Employee_04070,Product,89500
4071,Employee_04071,Engineering,106000
4072,Employee_04072,HR,44500
4073,Employee_04073,Finance,92000
4074,Employee_04074,Sales,32000
4075,Employee_04075,Marketing,108000
4076,Employee_04076,Support,73500
4077,Employee_04077,Operations,100000
4078,Employee_04078,QA,86500
4079,Employee_04079,DevOps,80000
4080,Employee_04080,Product,102000
4081,Employee_04081,Engineering,93000
4082,Employee_04082,HR,116000
4083,Employee_04083,Finance,111500
4084,Employee_04084,Sales,97000
4085,Employee_04085,Marketing,40500
4086,Employee_04086,Support,93000
4087,Employee_04087,Operations,96000
4088,Employee_04088,QA,53500
4089,Employee_04089,DevOps,40500
4090,Employee_04090,Product,94000
4091,Employee_04091,Engineering,58000
4092,Employee_04092,HR,77500
4093,Employee_04093,Finance,90500
4094,Employee_04094,Sales,61000
4095,Employee_04095,Marketing,62500
4096,Employee_04096,Support,64500
4097,Employee_04097,Operations,94500
4098,Employee_04098,QA,115500
4099,Employee_04099,DevOps,58500
4100,Employee_04100,Product,33500
4101,Employee_04101,Engineering,30000
4102,Employee_04102,HR,53000
4103,Employee_04103,Finance,44500
4104,Employee_04104,Sales,78500
4105,Employee_04105,Marketing,34000
4106,Employee_04106,Support,85000
4107,Employee_04107,Operations,69500
4108,Employee_04108,QA,91000
4109,Employee_04109,DevOps,89000
4110,Employee_04110,Product,58000
4111,Employee_04111,Engineering,73000
4112,Employee_04112,HR,62000
4113,Employee_04113,Finance,76000
4114,Employee_04114,Sales,31000
4115,Employee_04115,Marketing,106000
4116,Employee_04116,Support,44500
4117,Employee_04117,Operations,30000
4118,Employee_04118,QA,51000
4119,Employee_04119,DevOps,112500
4120,Employee_04120,Product,69500
4121,Employee_04121,Engineering,87500
4122,Employee_04122,HR,92000
4123,Employee_04123,Finance,113000
4124,Employee_04124,Sales,49500
4125,Employee_04125,Marketing,46000
4126,Employee_04126,Support,48000
4127,Employee_04127,Operations,106000
4128,Employee_04128,QA,75500
4129,Employee_04129,DevOps,59500
4130,Employee_04130,Product,72000
4131,Employee_04131,Engineering,85000
4132,Employee_04132,HR,74000
4133,Employee_04133,Finance,30500
4134,Employee_04134,Sales,62000
4135,Employee_04135,Marketing,109500
4136,Employee_04136,Support,82500
4137,Employee_04137,Operations,59000
4138,Employee_04138,QA,106000
4139,Employee_04139,DevOps,30500
4140,Employee_04140,Product,50000
4141,Employee_04141,Engineering,119500
4142,Employee_04142,HR,89000
4143,Employee_04143,Finance,83000
4144,Employee_04144,Sales,31500
4145,Employee_04145,Marketing,114000
4146,Employee_04146,Support,31000
4147,Employee_04147,Operations,71500
4148,Employee_04148,QA,62500
4149,Employee_04149,DevOps,117000
4150,Employee_04150,Product,99500
4151,Employee_04151,Engineering,77000
4152,Employee_04152,HR,52000
4153,Employee_04153,Finance,90500
4154,Employee_04154,Sales,30500
4155,Employee_04155,Marketing,56000
4156,Employee_04156,Support,44000
4157,Employee_04157,Operations,117500
4158,Employee_04158,QA,88500
4159,Employee_04159,DevOps,118000
4160,Employee_04160,Product,36000
4161,Employee_04161,Engineering,40000
4162,Employee_04162,HR,112500
4163,Employee_04163,Finance,90000
4164,Employee_04164,Sales,113000
4165,Employee_04165,Marketing,100000
4166,Employee_04166,Support,115000
4167,Employee_04167,Operations,91000
4168,Employee_04168,QA,65000
4169,Employee_04169,DevOps,67000
4170,Employee_04170,Product,38000
4171,Employee_04171,Engineering,73500
4172,Employee_04172,HR,55500
4173,Employee_04173,Finance,60500
4174,Employee_04174,Sales,55500
4175,Employee_04175,Marketing,41000
4176,Employee_04176,Support,110500
4177,Employee_04177,Operations,32500
4178,Employee_04178,QA,88500
4179,Employee_04179,DevOps,77500
4180,Employee_04180,Product,101000
4181,Employee_04181,Engineering,63000
4182,Employee_04182,HR,105500
4183,Employee_04183,Finance,107500
4184,Employee_04184,Sales,49000
4185,Employee_04185,Marketing,92500
4186,Employee_04186,Support,46000
4187,Employee_04187,Operations,38500
4188,Employee_04188,QA,69500
4189,Employee_04189,DevOps,108500
4190,Employee_04190,Product,59000
4191,Employee_04191,Engineering,93000
4192,Employee_04192,HR,63500
4193,Employee_04193,Finance,53500
4194,Employee_04194,Sales,46500
4195,Employee_04195,Marketing,113000
4196,Employee_04196,Support,103500
4197,Employee_04197,Operations,77500
4198,Employee_04198,QA,36000
4199,Employee_04199,DevOps,94000
4200,Employee_04200,Product,87000
4201,Employee_04201,Engineering,110500
4202,Employee_04202,HR,44500
4203,Employee_04203,Finance,46500
4204,Employee_04204,Sales,33000
4205,Employee_04205,Marketing,32000
4206,Employee_04206,Support,46000
4207,Employee_04207,Operations,37000
4208,Employee_04208,QA,35500
4209,Employee_04209,DevOps,73500
4210,Employee_04210,Product,85500
4211,Employee_04211,Engineering,86000
4212,Employee_04212,HR,112500
4213,Employee_04213,Finance,114500
4214,Employee_04214,Sales,50500
4215,Employee_04215,Marketing,47500
4216,Employee_04216,Support,33500
4217,Employee_04217,Operations,66500
4218,Employee_04218,QA,78000
4219,Employee_04219,DevOps,114000
4220,Employee_04220,Product,74500
4221,Employee_04221,Engineering,117000
4222,Employee_04222,HR,53000
4223,Employee_04223,Finance,86000
4224,Employee_04224,Sales,55000
4225,Employee_04225,Marketing,102500
4226,Employee_04226,Support,65500
4227,Employee_04227,Operations,116500
4228,Employee_04228,QA,45500
4229,Employee_04229,DevOps,50000
4230,Employee_04230,Product,79500
4231,Employee_04231,Engineering,93000
4232,Employee_04232,HR,49500
4233,Employee_04233,Finance,111500
4234,Employee_04234,Sales,81500
4235,Employee_04235,Marketing,97000
4236,Employee_04236,Support,53000
4237,Employee_04237,Operations,45500
4238,Employee_04238,QA,97500
4239,Employee_04239,DevOps,113000
4240,Employee_04240,Product,94000
4241,Employee_04241,Engineering,65000
4242,Employee_04242,HR,106000
4243,Employee_04243,Finance,92500
4244,Employee_04244,Sales,73000
4245,Employee_04245,Marketing,99000
4246,Employee_04246,Support,34000
4247,Employee_04247,Operations,90000
4248,Employee_04248,QA,40000
4249,Employee_04249,DevOps,38000
4250,Employee_04250,Product,61500
4251,Employee_04251,Engineering,104000
4252,Employee_04252,HR,80500
4253,Employee_04253,Finance,72000
4254,Employee_04254,Sales,55000
4255,Employee_04255,Marketing,76500
4256,Employee_04256,Support,77500
4257,Employee_04257,Operations,96000
4258,Employee_04258,QA,81000
4259,Employee_04259,DevOps,104000
4260,Employee_04260,Product,61000
4261,Employee_04261,Engineering,44000
4262,Employee_04262,HR,109000
4263,Employee_04263,Finance,111500
4264,Employee_04264,Sales,32500
4265,Employee_04265,Marketing,33500
4266,Employee_04266,Support,42500
4267,Employee_04267,Operations,80000
4268,Employee_04268,QA,113500
4269,Employee_04269,DevOps,30000
4270,Employee_04270,Product,70500
4271,Employee_04271,Engineering,76500
4272,Employee_04272,HR,119500
4273,Employee_04273,Finance,68500
4274,Employee_04274,Sales,55500
4275,Employee_04275,Marketing,85000
4276,Employee_04276,Support,81500
4277,Employee_04277,Operations,103500
4278,Employee_04278,QA,110000
4279,Employee_04279,DevOps,109500
4280,Employee_04280,Product,48000
4281,Employee_04281,Engineering,52500
4282,Employee_04282,HR,94500
4283,Employee_04283,Finance,35000
4284,Employee_04284,Sales,58000
4285,Employee_04285,Marketing,32000
4286,Employee_04286,Support,46500
4287,Employee_04287,Operations,41500
4288,Employee_04288,QA,118500
4289,Employee_04289,DevOps,95000
4290,Employee_04290,Product,77500
4291,Employee_04291,Engineering,99000
4292,Employee_04292,HR,83000
4293,Employee_04293,Finance,105500
4294,Employee_04294,Sales,93500
4295,Employee_04295,Marketing,31000
4296,Employee_04296,Support,90000
4297,Employee_04297,Operations,83000
4298,Employee_04298,QA,36500
4299,Employee_04299,DevOps,110000
4300,Employee_04300,Product,64500
4301,Employee_04301,Engineering,81500
4302,Employee_04302,HR,110500
4303,Employee_04303,Finance,74500
4304,Employee_04304,Sales,95500
4305,Employee_04305,Marketing,52000
4306,Employee_04306,Support,50500
4307,Employee_04307,Operations,99500
4308,Employee_04308,QA,106000
4309,Employee_04309,DevOps,70500
4310,Employee_04310,Product,83000
4311,Employee_04311,Engineering,75000
4312,Employee_04312,HR,52500
4313,Employee_04313,Finance,83000
4314,Employee_04314,Sales,32500
4315,Employee_04315,Marketing,83000
4316,Employee_04316,Support,104000
4317,Employee_04317,Operations,93500
4318,Employee_04318,QA,114500
4319,Employee_04319,DevOps,55000
4320,Employee_04320,Product,82500
4321,Employee_04321,Engineering,89000
4322,Employee_04322,HR,35000
4323,Employee_04323,Finance,98500
4324,Employee_04324,Sales,111500
4325,Employee_04325,Marketing,44000
4326,Employee_04326,Support,51000
4327,Employee_04327,Operations,103500
4328,Employee_04328,QA,60000
4329,Employee_04329,DevOps,38000
4330,Employee_04330,Product,80000
4331,Employee_04331,Engineering,95500
4332,Employee_04332,HR,94500
4333,Employee_04333,Finance,61500
4334,Employee_04334,Sales,44000
4335,Employee_04335,Marketing,97500
4336,Employee_04336,Support,45000
4337,Employee_04337,Operations,37500
4338,Employee_04338,QA,79000
4339,Employee_04339,DevOps,98000
4340,Employee_04340,Product,73000
4341,Employee_04341,Engineering,81500
4342,Employee_04342,HR,97000
4343,Employee_04343,Finance,57500
4344,Employee_04344,Sales,55000
4345,Employee_04345,Marketing,107500
4346,Employee_04346,Support,86500
4347,Employee_04347,Operations,70000
4348,Employee_04348,QA,60000
4349,Employee_04349,DevOps,111000
4350,Employee_04350,Product,90500
4351,Employee_04351,Engineering,49500
4352,Employee_04352,HR,111500
4353,Employee_04353,Finance,63000
4354,Employee_04354,Sales,62000
4355,Employee_04355,Marketing,105000
4356,Employee_04356,Support,55500
4357,Employee_04357,Operations,88000
4358,Employee_04358,QA,100500
4359,Employee_04359,DevOps,99500
4360,Employee_04360,Product,105000
4361,Employee_04361,Engineering,87000
4362,Employee_04362,HR,35500
4363,Employee_04363,Finance,112500
4364,Employee_04364,Sales,116000
4365,Employee_04365,Marketing,114000
4366,Employee_04366,Support,109500
4367,Employee_04367,Operations,85500
4368,Employee_04368,QA,87000
4369,Employee_04369,DevOps,71500
4370,Employee_04370,Product,31000
4371,Employee_04371,Engineering,70500
4372,Employee_04372,HR,107000
4373,Employee_04373,Finance,56000
4374,Employee_04374,Sales,94000
4375,Employee_04375,Marketing,38500
4376,Employee_04376,Support,47500
4377,Employee_04377,Operations,114500
4378,Employee_04378,QA,33500
4379,Employee_04379,DevOps,74000
4380,Employee_04380,Product,113000
4381,Employee_04381,Engineering,103500
4382,Employee_04382,HR,43500
4383,Employee_04383,Finance,43000
4384,Employee_04384,Sales,89500
4385,Employee_04385,Marketing,112500
4386,Employee_04386,Support,56000
4387,Employee_04387,Operations,107500
4388,Employee_04388,QA,111500
4389,Employee_04389,DevOps,107000
4390,Employee_04390,Product,88000
4391,Employee_04391,Engineering,105500
4392,Employee_04392,HR,85500
4393,Employee_04393,Finance,102500
4394,Employee_04394,Sales,106000
4395,Employee_04395,Marketing,117500
4396,Employee_04396,Support,53500
4397,Employee_04397,Operations,115000
4398,Employee_04398,QA,74500
4399,Employee_04399,DevOps,94500
4400,Employee_04400,Product,31000
4401,Employee_04401,Engineering,36000
4402,Employee_04402,HR,62000
4403,Employee_04403,Finance,91500
4404,Employee_04404,Sales,91500
4405,Employee_04405,Marketing,91000
4406,Employee_04406,Support,30500
4407,Employee_04407,Operations,76500
4408,Employee_04408,QA,92000
4409,Employee_04409,DevOps,66000
4410,Employee_04410,Product,44000
4411,Employee_04411,Engineering,74000
4412,Employee_04412,HR,80500
4413,Employee_04413,Finance,112000
4414,Employee_04414,Sales,48000
4415,Employee_04415,Marketing,114500
4416,Employee_04416,Support,43500
4417,Employee_04417,Operations,107000
4418,Employee_04418,QA,112000
4419,Employee_04419,DevOps,48500
4420,Employee_04420,Product,52000
4421,Employee_04421,Engineering,71500
4422,Employee_04422,HR,39000
4423,Employee_04423,Finance,48000
4424,Employee_04424,Sales,81500
4425,Employee_04425,Marketing,39500
4426,Employee_04426,Support,61500
4427,Employee_04427,Operations,100000
4428,Employee_04428,QA,86500
4429,Employee_04429,DevOps,112000
4430,Employee_04430,Product,99000
4431,Employee_04431,Engineering,116000
4432,Employee_04432,HR,110500
4433,Employee_04433,Finance,81500
4434,Employee_04434,Sales,42000
4435,Employee_04435,Marketing,85500
4436,Employee_04436,Support,67000
4437,Employee_04437,Operations,79000
4438,Employee_04438,QA,114500
4439,Employee_04439,DevOps,67500
4440,Employee_04440,Product,96500
4441,Employee_04441,Engineering,73500
4442,Employee_04442,HR,109000
4443,Employee_04443,Finance,120000
4444,Employee_04444,Sales,34500
4445,Employee_04445,Marketing,94500
4446,Employee_04446,Support,92000
4447,Employee_04447,Operations,99000
4448,Employee_04448,QA,81500
4449,Employee_04449,DevOps,43500
4450,Employee_04450,Product,38000
4451,Employee_04451,Engineering,118000
4452,Employee_04452,HR,50500
4453,Employee_04453,Finance,36000
4454,Employee_04454,Sales,47000
4455,Employee_04455,Marketing,41000
4456,Employee_04456,Support,75500
4457,Employee_04457,Operations,87000
4458,Employee_04458,QA,114000
4459,Employee_04459,DevOps,74000
4460,Employee_04460,Product,59000
4461,Employee_04461,Engineering,55000
4462,Employee_04462,HR,117000
4463,Employee_04463,Finance,73500
4464,Employee_04464,Sales,68500
4465,Employee_04465,Marketing,113500
4466,Employee_04466,Support,32000
4467,Employee_04467,Operations,34000
4468,Employee_04468,QA,74000
4469,Employee_04469,DevOps,68500
4470,Employee_04470,Product,38500
4471,Employee_04471,Engineering,103000
4472,Employee_04472,HR,120000
4473,Employee_04473,Finance,108000
4474,Employee_04474,Sales,118500
4475,Employee_04475,Marketing,119500
4476,Employee_04476,Support,99000
4477,Employee_04477,Operations,39500
4478,Employee_04478,QA,99500
4479,Employee_04479,DevOps,45000
4480,Employee_04480,Product,91000
4481,Employee_04481,Engineering,113500
4482,Employee_04482,HR,116500
4483,Employee_04483,Finance,55000
4484,Employee_04484,Sales,92500
4485,Employee_04485,Marketing,93000
4486,Employee_04486,Support,48500
4487,Employee_04487,Operations,77000
4488,Employee_04488,QA,80500
4489,Employee_04489,DevOps,52500
4490,Employee_04490,Product,92000
4491,Employee_04491,Engineering,61000
4492,Employee_04492,HR,47500
4493,Employee_04493,Finance,53000
4494,Employee_04494,Sales,46000
4495,Employee_04495,Marketing,89000
4496,Employee_04496,Support,38000
4497,Employee_04497,Operations,113000
4498,Employee_04498,QA,61000
4499,Employee_04499,DevOps,96000
4500,Employee_04500,Product,75500
4501,Employee_04501,Engineering,95500
4502,Employee_04502,HR,58000
4503,Employee_04503,Finance,105000
4504,Employee_04504,Sales,113000
4505,Employee_04505,Marketing,49500
4506,Employee_04506,Support,71500
4507,Employee_04507,Operations,59000
4508,Employee_04508,QA,88000
4509,Employee_04509,DevOps,98000
4510,Employee_04510,Product,39000
4511,Employee_04511,Engineering,94000
4512,Employee_04512,HR,33500
4513,Employee_04513,Finance,44500
4514,Employee_04514,Sales,62500
4515,Employee_04515,Marketing,50000
4516,Employee_04516,Support,47500
4517,Employee_04517,Operations,70000
4518,Employee_04518,QA,84500
4519,Employee_04519,DevOps,57500
4520,Employee_04520,Product,95000
4521,Employee_04521,Engineering,95500
4522,Employee_04522,HR,114500
4523,Employee_04523,Finance,43000
4524,Employee_04524,Sales,31000
4525,Employee_04525,Marketing,30000
4526,Employee_04526,Support,54000
4527,Employee_04527,Operations,42500
4528,Employee_04528,QA,45000
4529,Employee_04529,DevOps,70000
4530,Employee_04530,Product,30500
4531,Employee_04531,Engineering,42500
4532,Employee_04532,HR,49000
4533,Employee_04533,Finance,86000
4534,Employee_04534,Sales,36500
4535,Employee_04535,Marketing,100000
4536,Employee_04536,Support,74000
4537,Employee_04537,Operations,87000
4538,Employee_04538,QA,47000
4539,Employee_04539,DevOps,68000
4540,Employee_04540,Product,42000
4541,Employee_04541,Engineering,59500
4542,Employee_04542,HR,48000
4543,Employee_04543,Finance,105500
4544,Employee_04544,Sales,90500
4545,Employee_04545,Marketing,99000
4546,Employee_04546,Support,42000
4547,Employee_04547,Operations,92000
4548,Employee_04548,QA,30500
4549,Employee_04549,DevOps,97500
4550,Employee_04550,Product,82500
4551,Employee_04551,Engineering,81500
4552,Employee_04552,HR,114000
4553,Employee_04553,Finance,57500
4554,Employee_04554,Sales,101000
4555,Employee_04555,Marketing,89000
4556,Employee_04556,Support,43000
4557,Employee_04557,Operations,63500
4558,Employee_04558,QA,111500
4559,Employee_04559,DevOps,107000
4560,Employee_04560,Product,31500
4561,Employee_04561,Engineering,100500
4562,Employee_04562,HR,54500
4563,Employee_04563,Finance,80500
4564,Employee_04564,Sales,63000
4565,Employee_04565,Marketing,76000
4566,Employee_04566,Support,118500
4567,Employee_04567,Operations,99000
4568,Employee_04568,QA,110000
4569,Employee_04569,DevOps,118500
4570,Employee_04570,Product,89000
4571,Employee_04571,Engineering,84500
4572,Employee_04572,HR,51500
4573,Employee_04573,Finance,41500
4574,Employee_04574,Sales,84500
4575,Employee_04575,Marketing,66500
4576,Employee_04576,Support,68500
4577,Employee_04577,Operations,90500
4578,Employee_04578,QA,57500
4579,Employee_04579,DevOps,101500
4580,Employee_04580,Product,36500
4581,Employee_04581,Engineering,55500
4582,Employee_04582,HR,83000
4583,Employee_04583,Finance,53000
4584,Employee_04584,Sales,64500
4585,Employee_04585,Marketing,79000
4586,Employee_04586,Support,34000
4587,Employee_04587,Operations,104000
4588,Employee_04588,QA,52500
4589,Employee_04589,DevOps,34000
4590,Employee_04590,Product,104500
4591,Employee_04591,Engineering,86000
4592,Employee_04592,HR,69000
4593,Employee_04593,Finance,81000
4594,Employee_04594,Sales,106000
4595,Employee_04595,Marketing,39000
4596,Employee_04596,Support,59500
4597,Employee_04597,Operations,101500
4598,Employee_04598,QA,90500
4599,Employee_04599,DevOps,58500
4600,Employee_04600,Product,94500
4601,Employee_04601,Engineering,82500
4602,Employee_04602,HR,117000
4603,Employee_04603,Finance,41000
4604,Employee_04604,Sales,101500
4605,Employee_04605,Marketing,67500
4606,Employee_04606,Support,62500
4607,Employee_04607,Operations,91000
4608,Employee_04608,QA,79000
4609,Employee_04609,DevOps,80000
4610,Employee_04610,Product,83500
4611,Employee_04611,Engineering,116000
4612,Employee_04612,HR,80000
4613,Employee_04613,Finance,69000
4614,Employee_04614,Sales,39500
4615,Employee_04615,Marketing,70500
4616,Employee_04616,Support,43500
4617,Employee_04617,Operations,100500
4618,Employee_04618,QA,85000
4619,Employee_04619,DevOps,64000
4620,Employee_04620,Product,68500
4621,Employee_04621,Engineering,75000
4622,Employee_04622,HR,36000
4623,Employee_04623,Finance,54000
4624,Employee_04624,Sales,34500
4625,Employee_04625,Marketing,107500
4626,Employee_04626,Support,87000
4627,Employee_04627,Operations,58500
4628,Employee_04628,QA,88000
4629,Employee_04629,DevOps,85500
4630,Employee_04630,Product,30000
4631,Employee_04631,Engineering,113000
4632,Employee_04632,HR,32500
4633,Employee_04633,Finance,109500
4634,Employee_04634,Sales,72500
4635,Employee_04635,Marketing,109000
4636,Employee_04636,Support,60000
4637,Employee_04637,Operations,80000
4638,Employee_04638,QA,115500
4639,Employee_04639,DevOps,39500
4640,Employee_04640,Product,53500
4641,Employee_04641,Engineering,46000
4642,Employee_04642,HR,95000
4643,Employee_04643,Finance,114500
4644,Employee_04644,Sales,53000
4645,Employee_04645,Marketing,76000
4646,Employee_04646,Support,108000
4647,Employee_04647,Operations,92000
4648,Employee_04648,QA,86500
4649,Employee_04649,DevOps,41000
4650,Employee_04650,Product,76000
4651,Employee_04651,Engineering,120000
4652,Employee_04652,HR,72500
4653,Employee_04653,Finance,56500
4654,Employee_04654,Sales,57000
4655,Employee_04655,Marketing,49500
4656,Employee_04656,Support,75500
4657,Employee_04657,Operations,59500
4658,Employee_04658,QA,97500
4659,Employee_04659,DevOps,91000
4660,Employee_04660,Product,49000
4661,Employee_04661,Engineering,98500
4662,Employee_04662,HR,48000
4663,Employee_04663,Finance,72500
4664,Employee_04664,Sales,34500
4665,Employee_04665,Marketing,113500
4666,Employee_04666,Support,105500
4667,Employee_04667,Operations,62500
4668,Employee_04668,QA,46000
4669,Employee_04669,DevOps,67500
4670,Employee_04670,Product,92000
4671,Employee_04671,Engineering,42500
4672,Employee_04672,HR,71500
4673,Employee_04673,Finance,32000
4674,Employee_04674,Sales,60000
4675,Employee_04675,Marketing,115000
4676,Employee_04676,Support,109000
4677,Employee_04677,Operations,38000
4678,Employee_04678,QA,64000
4679,Employee_04679,DevOps,32000
4680,Employee_04680,Product,37000
4681,Employee_04681,Engineering,34000
4682,Employee_04682,HR,102500
4683,Employee_04683,Finance,67500
4684,Employee_04684,Sales,119000
4685,Employee_04685,Marketing,45500
4686,Employee_04686,Support,73500
4687,Employee_04687,Operations,46000
4688,Employee_04688,QA,87500
4689,Employee_04689,DevOps,37500
4690,Employee_04690,Product,72000
4691,Employee_04691,Engineering,56000
4692,Employee_04692,HR,57500
4693,Employee_04693,Finance,101500
4694,Employee_04694,Sales,59000
4695,Employee_04695,Marketing,76500
4696,Employee_04696,Support,115500
4697,Employee_04697,Operations,94000
4698,Employee_04698,QA,57500
4699,Employee_04699,DevOps,71000
4700,Employee_04700,Product,94000
4701,Employee_04701,Engineering,112000
4702,Employee_04702,HR,82000
4703,Employee_04703,Finance,107000
4704,Employee_04704,Sales,53500
4705,Employee_04705,Marketing,95500
4706,Employee_04706,Support,120000
4707,Employee_04707,Operations,43500
4708,Employee_04708,QA,86000
4709,Employee_04709,DevOps,65000
4710,Employee_04710,Product,69000
4711,Employee_04711,Engineering,80500
4712,Employee_04712,HR,40500
4713,Employee_04713,Finance,99000
4714,Employee_04714,Sales,84000
4715,Employee_04715,Marketing,83000
4716,Employee_04716,Support,55500
4717,Employee_04717,Operations,48500
4718,Employee_04718,QA,84500
4719,Employee_04719,DevOps,75000
4720,Employee_04720,Product,49500
4721,Employee_04721,Engineering,114500
4722,Employee_04722,HR,84000
4723,Employee_04723,Finance,30000
4724,Employee_04724,Sales,35000
4725,Employee_04725,Marketing,104000
4726,Employee_04726,Support,94000
4727,Employee_04727,Operations,51500
4728,Employee_04728,QA,33000
4729,Employee_04729,DevOps,58500
4730,Employee_04730,Product,68000
4731,Employee_04731,Engineering,112000
4732,Employee_04732,HR,76500
4733,Employee_04733,Finance,118500
4734,Employee_04734,Sales,45500
4735,Employee_04735,Marketing,100500
4736,Employee_04736,Support,79500
4737,Employee_04737,Operations,116000
4738,Employee_04738,QA,36000
4739,Employee_04739,DevOps,38000
4740,Employee_04740,Product,68000
4741,Employee_04741,Engineering,115500
4742,Employee_04742,HR,41500
4743,Employee_04743,Finance,74500
4744,Employee_04744,Sales,65000
4745,Employee_04745,Marketing,115500
4746,Employee_04746,Support,117000
4747,Employee_04747,Operations,88000
4748,Employee_04748,QA,81000
4749,Employee_04749,DevOps,95500
4750,Employee_04750,Product,40500
4751,Employee_04751,Engineering,40500
4752,Employee_04752,HR,86000
4753,Employee_04753,Finance,69000
4754,Employee_04754,Sales,113500
4755,Employee_04755,Marketing,107000
4756,Employee_04756,Support,110000
4757,Employee_04757,Operations,66500
4758,Employee_04758,QA,30500
4759,Employee_04759,DevOps,118500
4760,Employee_04760,Product,36500
4761,Employee_04761,Engineering,44000
4762,Employee_04762,HR,33500
4763,Employee_04763,Finance,64500
4764,Employee_04764,Sales,99000
4765,Employee_04765,Marketing,78000
4766,Employee_04766,Support,76500
4767,Employee_04767,Operations,70000
4768,Employee_04768,QA,61000
4769,Employee_04769,DevOps,59500
4770,Employee_04770,Product,55000
4771,Employee_04771,Engineering,90500
4772,Employee_04772,HR,78000
4773,Employee_04773,Finance,47500
4774,Employee_04774,Sales,56000
4775,Employee_04775,Marketing,82000
4776,Employee_04776,Support,100000
4777,Employee_04777,Operations,112000
4778,Employee_04778,QA,115000
4779,Employee_04779,DevOps,99500
4780,Employee_04780,Product,62000
4781,Employee_04781,Engineering,75500
4782,Employee_04782,HR,61500
4783,Employee_04783,Finance,42000
4784,Employee_04784,Sales,85000
4785,Employee_04785,Marketing,77500
4786,Employee_04786,Support,32000
4787,Employee_04787,Operations,119500
4788,Employee_04788,QA,74500
4789,Employee_04789,DevOps,114000
4790,Employee_04790,Product,57500
4791,Employee_04791,Engineering,100500
4792,Employee_04792,HR,84000
4793,Employee_04793,Finance,33500
4794,Employee_04794,Sales,68500
4795,Employee_04795,Marketing,39500
4796,Employee_04796,Support,30500
4797,Employee_04797,Operations,114500
4798,Employee_04798,QA,51500
4799,Employee_04799,DevOps,49000
4800,Employee_04800,Product,79500
4801,Employee_04801,Engineering,66500
4802,Employee_04802,HR,57000
4803,Employee_04803,Finance,120000
4804,Employee_04804,Sales,44500
4805,Employee_04805,Marketing,104500
4806,Employee_04806,Support,70000
4807,Employee_04807,Operations,43000
4808,Employee_04808,QA,56500
4809,Employee_04809,DevOps,107000
4810,Employee_04810,Product,62000
4811,Employee_04811,Engineering,69000
4812,Employee_04812,HR,104000
4813,Employee_04813,Finance,64000
4814,Employee_04814,Sales,106500
4815,Employee_04815,Marketing,52000
4816,Employee_04816,Support,65000
4817,Employee_04817,Operations,107000
4818,Employee_04818,QA,55000
4819,Employee_04819,DevOps,67500
4820,Employee_04820,Product,94500
4821,Employee_04821,Engineering,108000
4822,Employee_04822,HR,79500
4823,Employee_04823,Finance,64000
4824,Employee_04824,Sales,77000
4825,Employee_04825,Marketing,64000
4826,Employee_04826,Support,98000
4827,Employee_04827,Operations,69500
4828,Employee_04828,QA,64500
4829,Employee_04829,DevOps,34000
4830,Employee_04830,Product,41500
4831,Employee_04831,Engineering,94000
4832,Employee_04832,HR,69500
4833,Employee_04833,Finance,113000
4834,Employee_04834,Sales,88500
4835,Employee_04835,Marketing,114500
4836,Employee_04836,Support,30000
4837,Employee_04837,Operations,102500
4838,Employee_04838,QA,79500
4839,Employee_04839,DevOps,38500
4840,Employee_04840,Product,109500
4841,Employee_04841,Engineering,59500
4842,Employee_04842,HR,49000
4843,Employee_04843,Finance,45500
4844,Employee_04844,Sales,70000
4845,Employee_04845,Marketing,68500
4846,Employee_04846,Support,95500
4847,Employee_04847,Operations,99500
4848,Employee_04848,QA,105500
4849,Employee_04849,DevOps,92000
4850,Employee_04850,Product,40500
4851,Employee_04851,Engineering,87000
4852,Employee_04852,HR,82000
4853,Employee_04853,Finance,93500
4854,Employee_04854,Sales,109000
4855,Employee_04855,Marketing,61000
4856,Employee_04856,Support,38000
4857,Employee_04857,Operations,99500
4858,Employee_04858,QA,100000
4859,Employee_04859,DevOps,77500
4860,Employee_04860,Product,96000
4861,Employee_04861,Engineering,116500
4862,Employee_04862,HR,37000
4863,Employee_04863,Finance,40500
4864,Employee_04864,Sales,116500
4865,Employee_04865,Marketing,43000
4866,Employee_04866,Support,114500
4867,Employee_04867,Operations,84500
4868,Employee_04868,QA,61000
4869,Employee_04869,DevOps,61500
4870,Employee_04870,Product,68500
4871,Employee_04871,Engineering,67500
4872,Employee_04872,HR,91000
4873,Employee_04873,Finance,76000
4874,Employee_04874,Sales,48500
4875,Employee_04875,Marketing,49000
4876,Employee_04876,Support,71500
4877,Employee_04877,Operations,66500
4878,Employee_04878,QA,31000
4879,Employee_04879,DevOps,80500
4880,Employee_04880,Product,94500
4881,Employee_04881,Engineering,89000
4882,Employee_04882,HR,32500
4883,Employee_04883,Finance,120000
4884,Employee_04884,Sales,102000
4885,Employee_04885,Marketing,98000
4886,Employee_04886,Support,33500
4887,Employee_04887,Operations,79000
4888,Employee_04888,QA,67500
4889,Employee_04889,DevOps,60000
4890,Employee_04890,Product,60500
4891,Employee_04891,Engineering,51000
4892,Employee_04892,HR,73000
4893,Employee_04893,Finance,37500
4894,Employee_04894,Sales,46500
4895,Employee_04895,Marketing,60000
4896,Employee_04896,Support,97500
4897,Employee_04897,Operations,111000
4898,Employee_04898,QA,86500
4899,Employee_04899,DevOps,89000
4900,Employee_04900,Product,58500
4901,Employee_04901,Engineering,99000
4902,Employee_04902,HR,55000
4903,Employee_04903,Finance,101000
4904,Employee_04904,Sales,53500
4905,Employee_04905,Marketing,55500
4906,Employee_04906,Support,64000
4907,Employee_04907,Operations,35500
4908,Employee_04908,QA,77500
4909,Employee_04909,DevOps,117000
4910,Employee_04910,Product,71000
4911,Employee_04911,Engineering,70000
4912,Employee_04912,HR,53500
4913,Employee_04913,Finance,51000
4914,Employee_04914,Sales,36000
4915,Employee_04915,Marketing,100000
4916,Employee_04916,Support,103500
4917,Employee_04917,Operations,38000
4918,Employee_04918,QA,53000
4919,Employee_04919,DevOps,94500
4920,Employee_04920,Product,76000
4921,Employee_04921,Engineering,76500
4922,Employee_04922,HR,62000
4923,Employee_04923,Finance,105000
4924,Employee_04924,Sales,111500
4925,Employee_04925,Marketing,54500
4926,Employee_04926,Support,39500
4927,Employee_04927,Operations,96500
4928,Employee_04928,QA,58500
4929,Employee_04929,DevOps,93000
4930,Employee_04930,Product,101000
4931,Employee_04931,Engineering,60000
4932,Employee_04932,HR,101000
4933,Employee_04933,Finance,61000
4934,Employee_04934,Sales,75500
4935,Employee_04935,Marketing,42000
4936,Employee_04936,Support,71500
4937,Employee_04937,Operations,32500
4938,Employee_04938,QA,97000
4939,Employee_04939,DevOps,67500
4940,Employee_04940,Product,38500
4941,Employee_04941,Engineering,65000
4942,Employee_04942,HR,103500
4943,Employee_04943,Finance,43500
4944,Employee_04944,Sales,58000
4945,Employee_04945,Marketing,88000
4946,Employee_04946,Support,55500
4947,Employee_04947,Operations,109000
4948,Employee_04948,QA,38500
4949,Employee_04949,DevOps,66500
4950,Employee_04950,Product,112500
4951,Employee_04951,Engineering,50500
4952,Employee_04952,HR,83000
4953,Employee_04953,Finance,117000
4954,Employee_04954,Sales,77500
4955,Employee_04955,Marketing,56500
4956,Employee_04956,Support,78000
4957,Employee_04957,Operations,105500
4958,Employee_04958,QA,48500
4959,Employee_04959,DevOps,35000
4960,Employee_04960,Product,34000
4961,Employee_04961,Engineering,72500
4962,Employee_04962,HR,76500
4963,Employee_04963,Finance,85000
4964,Employee_04964,Sales,81500
4965,Employee_04965,Marketing,106500
4966,Employee_04966,Support,34000
4967,Employee_04967,Operations,74500
4968,Employee_04968,QA,34500
4969,Employee_04969,DevOps,119500
4970,Employee_04970,Product,96500
4971,Employee_04971,Engineering,78000
4972,Employee_04972,HR,96500
4973,Employee_04973,Finance,31500
4974,Employee_04974,Sales,88500
4975,Employee_04975,Marketing,69000
4976,Employee_04976,Support,114500
4977,Employee_04977,Operations,110500
4978,Employee_04978,QA,89500
4979,Employee_04979,DevOps,105500
4980,Employee_04980,Product,41000
4981,Employee_04981,Engineering,68500
4982,Employee_04982,HR,47000
4983,Employee_04983,Finance,80000
4984,Employee_04984,Sales,31500
4985,Employee_04985,Marketing,39500
4986,Employee_04986,Support,84500
4987,Employee_04987,Operations,51000
4988,Employee_04988,QA,117500
4989,Employee_04989,DevOps,34500
4990,Employee_04990,Product,67500
4991,Employee_04991,Engineering,41000
4992,Employee_04992,HR,66000
4993,Employee_04993,Finance,107500
4994,Employee_04994,Sales,58500
4995,Employee_04995,Marketing,110500
4996,Employee_04996,Support,119500
4997,Employee_04997,Operations,108000
4998,Employee_04998,QA,34000
4999,Employee_04999,DevOps,117000
5000,Employee_05000,Product,78000
5001,Employee_05001,Engineering,38500
5002,Employee_05002,HR,97500
5003,Employee_05003,Finance,111000
5004,Employee_05004,Sales,36000
5005,Employee_05005,Marketing,102500
5006,Employee_05006,Support,64500
5007,Employee_05007,Operations,70500
5008,Employee_05008,QA,59000
5009,Employee_05009,DevOps,96000
5010,Employee_05010,Product,50000
5011,Employee_05011,Engineering,108500
5012,Employee_05012,HR,98000
5013,Employee_05013,Finance,113000
5014,Employee_05014,Sales,70000
5015,Employee_05015,Marketing,98500
5016,Employee_05016,Support,74500
5017,Employee_05017,Operations,96000
5018,Employee_05018,QA,106000
5019,Employee_05019,DevOps,116000
5020,Employee_05020,Product,51000
5021,Employee_05021,Engineering,78500
5022,Employee_05022,HR,117000
5023,Employee_05023,Finance,66000
5024,Employee_05024,Sales,53500
5025,Employee_05025,Marketing,87500
5026,Employee_05026,Support,65000
5027,Employee_05027,Operations,104000
5028,Employee_05028,QA,82500
5029,Employee_05029,DevOps,89000
5030,Employee_05030,Product,91000
5031,Employee_05031,Engineering,97000
5032,Employee_05032,HR,109500
5033,Employee_05033,Finance,73000
5034,Employee_05034,Sales,96500
5035,Employee_05035,Marketing,65500
5036,Employee_05036,Support,91500
5037,Employee_05037,Operations,84500
5038,Employee_05038,QA,77500
5039,Employee_05039,DevOps,85500
5040,Employee_05040,Product,64000
5041,Employee_05041,Engineering,111500
5042,Employee_05042,HR,99500
5043,Employee_05043,Finance,51500
5044,Employee_05044,Sales,58000
5045,Employee_05045,Marketing,103500
5046,Employee_05046,Support,60500
5047,Employee_05047,Operations,94000
5048,Employee_05048,QA,91000
5049,Employee_05049,DevOps,56500
5050,Employee_05050,Product,51500
5051,Employee_05051,Engineering,52500
5052,Employee_05052,HR,35500
5053,Employee_05053,Finance,69000
5054,Employee_05054,Sales,76000
5055,Employee_05055,Marketing,33000
5056,Employee_05056,Support,92000
5057,Employee_05057,Operations,30000
5058,Employee_05058,QA,115500
5059,Employee_05059,DevOps,107500
5060,Employee_05060,Product,74000
5061,Employee_05061,Engineering,37000
5062,Employee_05062,HR,58500
5063,Employee_05063,Finance,38500
5064,Employee_05064,Sales,62500
5065,Employee_05065,Marketing,92500
5066,Employee_05066,Support,91000
5067,Employee_05067,Operations,72000
5068,Employee_05068,QA,68500
5069,Employee_05069,DevOps,32500
5070,Employee_05070,Product,67500
5071,Employee_05071,Engineering,70500
5072,Employee_05072,HR,30500
5073,Employee_05073,Finance,71000
5074,Employee_05074,Sales,111000
5075,Employee_05075,Marketing,79500
5076,Employee_05076,Support,97000
5077,Employee_05077,Operations,116500
5078,Employee_05078,QA,57000
5079,Employee_05079,DevOps,82000
5080,Employee_05080,Product,119000
5081,Employee_05081,Engineering,72500
5082,Employee_05082,HR,88500
5083,Employee_05083,Finance,66500
5084,Employee_05084,Sales,54500
5085,Employee_05085,Marketing,95500
5086,Employee_05086,Support,90500
5087,Employee_05087,Operations,105000
5088,Employee_05088,QA,119500
5089,Employee_05089,DevOps,92500
5090,Employee_05090,Product,42000
5091,Employee_05091,Engineering,35000
5092,Employee_05092,HR,46000
5093,Employee_05093,Finance,81500
5094,Employee_05094,Sales,100000
5095,Employee_05095,Marketing,56500
5096,Employee_05096,Support,104500
5097,Employee_05097,Operations,102500
5098,Employee_05098,QA,91500
5099,Employee_05099,DevOps,33000
5100,Employee_05100,Product,83500
5101,Employee_05101,Engineering,35500
5102,Employee_05102,HR,76500
5103,Employee_05103,Finance,43500
5104,Employee_05104,Sales,51500
5105,Employee_05105,Marketing,67500
5106,Employee_05106,Support,97500
5107,Employee_05107,Operations,77500
5108,Employee_05108,QA,85000
5109,Employee_05109,DevOps,42000
5110,Employee_05110,Product,39500
5111,Employee_05111,Engineering,82500
5112,Employee_05112,HR,101000
5113,Employee_05113,Finance,35000
5114,Employee_05114,Sales,112000
5115,Employee_05115,Marketing,115500
5116,Employee_05116,Support,112000
5117,Employee_05117,Operations,117500
5118,Employee_05118,QA,113000
5119,Employee_05119,DevOps,95500
5120,Employee_05120,Product,58500
5121,Employee_05121,Engineering,102000
5122,Employee_05122,HR,43500
5123,Employee_05123,Finance,88000
5124,Employee_05124,Sales,100000
5125,Employee_05125,Marketing,116500
5126,Employee_05126,Support,52500
5127,Employee_05127,Operations,63000
5128,Employee_05128,QA,119000
5129,Employee_05129,DevOps,47000
5130,Employee_05130,Product,53000
5131,Employee_05131,Engineering,109500
5132,Employee_05132,HR,112000
5133,Employee_05133,Finance,30500
5134,Employee_05134,Sales,47500
5135,Employee_05135,Marketing,31000
5136,Employee_05136,Support,69000
5137,Employee_05137,Operations,69500
5138,Employee_05138,QA,78000
5139,Employee_05139,DevOps,56500
5140,Employee_05140,Product,43500
5141,Employee_05141,Engineering,52000
5142,Employee_05142,HR,118000
5143,Employee_05143,Finance,58000
5144,Employee_05144,Sales,45500
5145,Employee_05145,Marketing,94500
5146,Employee_05146,Support,84000
5147,Employee_05147,Operations,52500
5148,Employee_05148,QA,117000
5149,Employee_05149,DevOps,100500
5150,Employee_05150,Product,69000
5151,Employee_05151,Engineering,84000
5152,Employee_05152,HR,49000
5153,Employee_05153,Finance,74500
5154,Employee_05154,Sales,41500
5155,Employee_05155,Marketing,103500
5156,Employee_05156,Support,30500
5157,Employee_05157,Operations,98500
5158,Employee_05158,QA,53000
5159,Employee_05159,DevOps,101500
5160,Employee_05160,Product,45500
5161,Employee_05161,Engineering,67000
5162,Employee_05162,HR,71000
5163,Employee_05163,Finance,112000
5164,Employee_05164,Sales,90000
5165,Employee_05165,Marketing,34500
5166,Employee_05166,Support,74000
5167,Employee_05167,Operations,67000
5168,Employee_05168,QA,105000
5169,Employee_05169,DevOps,117000
5170,Employee_05170,Product,65000
5171,Employee_05171,Engineering,77000
5172,Employee_05172,HR,116000
5173,Employee_05173,Finance,75000
5174,Employee_05174,Sales,71000
5175,Employee_05175,Marketing,48000
5176,Employee_05176,Support,45000
5177,Employee_05177,Operations,71000
5178,Employee_05178,QA,91000
5179,Employee_05179,DevOps,46500
5180,Employee_05180,Product,81000
5181,Employee_05181,Engineering,113000
5182,Employee_05182,HR,81500
5183,Employee_05183,Finance,61000
5184,Employee_05184,Sales,110500
5185,Employee_05185,Marketing,53500
5186,Employee_05186,Support,118000
5187,Employee_05187,Operations,40000
5188,Employee_05188,QA,71000
5189,Employee_05189,DevOps,42000
5190,Employee_05190,Product,97000
5191,Employee_05191,Engineering,97500
5192,Employee_05192,HR,37000
5193,Employee_05193,Finance,74500
5194,Employee_05194,Sales,43000
5195,Employee_05195,Marketing,100000
5196,Employee_05196,Support,35000
5197,Employee_05197,Operations,47000
5198,Employee_05198,QA,92500
5199,Employee_05199,DevOps,112500
5200,Employee_05200,Product,45500
5201,Employee_05201,Engineering,34000
5202,Employee_05202,HR,81500
5203,Employee_05203,Finance,92000
5204,Employee_05204,Sales,70500
5205,Employee_05205,Marketing,39500
5206,Employee_05206,Support,89500
5207,Employee_05207,Operations,73500
5208,Employee_05208,QA,83000
5209,Employee_05209,DevOps,95000
5210,Employee_05210,Product,62000
5211,Employee_05211,Engineering,41500
5212,Employee_05212,HR,113000
5213,Employee_05213,Finance,62500
5214,Employee_05214,Sales,78500
5215,Employee_05215,Marketing,105000
5216,Employee_05216,Support,49500
5217,Employee_05217,Operations,48500
5218,Employee_05218,QA,120000
5219,Employee_05219,DevOps,49500
5220,Employee_05220,Product,85500
5221,Employee_05221,Engineering,35500
5222,Employee_05222,HR,64500
5223,Employee_05223,Finance,108500
5224,Employee_05224,Sales,35000
5225,Employee_05225,Marketing,113000
5226,Employee_05226,Support,35000
5227,Employee_05227,Operations,45000
5228,Employee_05228,QA,78000
5229,Employee_05229,DevOps,32500
5230,Employee_05230,Product,67500
5231,Employee_05231,Engineering,95500
5232,Employee_05232,HR,47500
5233,Employee_05233,Finance,110000
5234,Employee_05234,Sales,63500
5235,Employee_05235,Marketing,111500
5236,Employee_05236,Support,86500
5237,Employee_05237,Operations,101000
5238,Employee_05238,QA,68000
5239,Employee_05239,DevOps,43500
5240,Employee_05240,Product,87000
5241,Employee_05241,Engineering,72000
5242,Employee_05242,HR,86000
5243,Employee_05243,Finance,116500
5244,Employee_05244,Sales,87000
5245,Employee_05245,Marketing,81500
5246,Employee_05246,Support,41500
5247,Employee_05247,Operations,49500
5248,Employee_05248,QA,56000
5249,Employee_05249,DevOps,82500
5250,Employee_05250,Product,53000
5251,Employee_05251,Engineering,49500
5252,Employee_05252,HR,37500
5253,Employee_05253,Finance,116000
5254,Employee_05254,Sales,88500
5255,Employee_05255,Marketing,66000
5256,Employee_05256,Support,104500
5257,Employee_05257,Operations,46500
5258,Employee_05258,QA,64500
5259,Employee_05259,DevOps,118500
5260,Employee_05260,Product,76500
5261,Employee_05261,Engineering,107000
5262,Employee_05262,HR,36000
5263,Employee_05263,Finance,42500
5264,Employee_05264,Sales,73500
5265,Employee_05265,Marketing,31500
5266,Employee_05266,Support,95000
5267,Employee_05267,Operations,111500
5268,Employee_05268,QA,36000
5269,Employee_05269,DevOps,58500
5270,Employee_05270,Product,76500
5271,Employee_05271,Engineering,74500
5272,Employee_05272,HR,93500
5273,Employee_05273,Finance,45500
5274,Employee_05274,Sales,98500
5275,Employee_05275,Marketing,38000
5276,Employee_05276,Support,95500
5277,Employee_05277,Operations,45000
5278,Employee_05278,QA,73500
5279,Employee_05279,DevOps,83500
5280,Employee_05280,Product,106000
5281,Employee_05281,Engineering,79000
5282,Employee_05282,HR,61000
5283,Employee_05283,Finance,65500
5284,Employee_05284,Sales,54500
5285,Employee_05285,Marketing,66000
5286,Employee_05286,Support,64500
5287,Employee_05287,Operations,111500
5288,Employee_05288,QA,107500
5289,Employee_05289,DevOps,40500
5290,Employee_05290,Product,62000
5291,Employee_05291,Engineering,91000
5292,Employee_05292,HR,112500
5293,Employee_05293,Finance,72500
5294,Employee_05294,Sales,107000
5295,Employee_05295,Marketing,41000
5296,Employee_05296,Support,99500
5297,Employee_05297,Operations,39500
5298,Employee_05298,QA,50000
5299,Employee_05299,DevOps,52500
5300,Employee_05300,Product,90000
5301,Employee_05301,Engineering,75500
5302,Employee_05302,HR,91500
5303,Employee_05303,Finance,34500
5304,Employee_05304,Sales,64000
5305,Employee_05305,Marketing,117000
5306,Employee_05306,Support,73500
5307,Employee_05307,Operations,32500
5308,Employee_05308,QA,41000
5309,Employee_05309,DevOps,33000
5310,Employee_05310,Product,34500
5311,Employee_05311,Engineering,78500
5312,Employee_05312,HR,79500
5313,Employee_05313,Finance,65500
5314,Employee_05314,Sales,61500
5315,Employee_05315,Marketing,63000
5316,Employee_05316,Support,104000
5317,Employee_05317,Operations,71500
5318,Employee_05318,QA,59000
5319,Employee_05319,DevOps,117000
5320,Employee_05320,Product,80000
5321,Employee_05321,Engineering,78000
5322,Employee_05322,HR,101500
5323,Employee_05323,Finance,102000
5324,Employee_05324,Sales,112000
5325,Employee_05325,Marketing,65000
5326,Employee_05326,Support,106000
5327,Employee_05327,Operations,97500
5328,Employee_05328,QA,31500
5329,Employee_05329,DevOps,78500
5330,Employee_05330,Product,60000
5331,Employee_05331,Engineering,88000
5332,Employee_05332,HR,51000
5333,Employee_05333,Finance,52000
5334,Employee_05334,Sales,59500
5335,Employee_05335,Marketing,49500
5336,Employee_05336,Support,70500
5337,Employee_05337,Operations,37000
5338,Employee_05338,QA,83000
5339,Employee_05339,DevOps,49500
5340,Employee_05340,Product,84000
5341,Employee_05341,Engineering,69000
5342,Employee_05342,HR,69500
5343,Employee_05343,Finance,72500
5344,Employee_05344,Sales,83000
5345,Employee_05345,Marketing,64000
5346,Employee_05346,Support,108500
5347,Employee_05347,Operations,112500
5348,Employee_05348,QA,40000
5349,Employee_05349,DevOps,82500
5350,Employee_05350,Product,69000
5351,Employee_05351,Engineering,76000
5352,Employee_05352,HR,95000
5353,Employee_05353,Finance,100500
5354,Employee_05354,Sales,83500
5355,Employee_05355,Marketing,42000
5356,Employee_05356,Support,37500
5357,Employee_05357,Operations,75000
5358,Employee_05358,QA,44000
5359,Employee_05359,DevOps,48500
5360,Employee_05360,Product,104000
5361,Employee_05361,Engineering,75500
5362,Employee_05362,HR,36500
5363,Employee_05363,Finance,103000
5364,Employee_05364,Sales,43000
5365,Employee_05365,Marketing,83000
5366,Employee_05366,Support,106000
5367,Employee_05367,Operations,50000
5368,Employee_05368,QA,32000
5369,Employee_05369,DevOps,89000
5370,Employee_05370,Product,79000
5371,Employee_05371,Engineering,102000
5372,Employee_05372,HR,51500
5373,Employee_05373,Finance,107000
5374,Employee_05374,Sales,76000
5375,Employee_05375,Marketing,49500
5376,Employee_05376,Support,75000
5377,Employee_05377,Operations,103000
5378,Employee_05378,QA,32500
5379,Employee_05379,DevOps,64500
5380,Employee_05380,Product,30500
5381,Employee_05381,Engineering,83500
5382,Employee_05382,HR,60000
5383,Employee_05383,Finance,39000
5384,Employee_05384,Sales,96500
5385,Employee_05385,Marketing,68000
5386,Employee_05386,Support,93500
5387,Employee_05387,Operations,70500
5388,Employee_05388,QA,96500
5389,Employee_05389,DevOps,119500
5390,Employee_05390,Product,72500
5391,Employee_05391,Engineering,35500
5392,Employee_05392,HR,68000
5393,Employee_05393,Finance,85500
5394,Employee_05394,Sales,63500
5395,Employee_05395,Marketing,81500
5396,Employee_05396,Support,65500
5397,Employee_05397,Operations,71500
5398,Employee_05398,QA,42000
5399,Employee_05399,DevOps,76000
5400,Employee_05400,Product,97500
5401,Employee_05401,Engineering,68000
5402,Employee_05402,HR,32500
5403,Employee_05403,Finance,52500
5404,Employee_05404,Sales,81500
5405,Employee_05405,Marketing,99500
5406,Employee_05406,Support,117000
5407,Employee_05407,Operations,119000
5408,Employee_05408,QA,42000
5409,Employee_05409,DevOps,105500
5410,Employee_05410,Product,108000
5411,Employee_05411,Engineering,39500
5412,Employee_05412,HR,107000
5413,Employee_05413,Finance,115500
5414,Employee_05414,Sales,36500
5415,Employee_05415,Marketing,102500
5416,Employee_05416,Support,105500
5417,Employee_05417,Operations,31500
5418,Employee_05418,QA,42000
5419,Employee_05419,DevOps,99500
5420,Employee_05420,Product,72000
5421,Employee_05421,Engineering,119500
5422,Employee_05422,HR,33000
5423,Employee_05423,Finance,58000
5424,Employee_05424,Sales,96000
5425,Employee_05425,Marketing,73000
5426,Employee_05426,Support,30500
5427,Employee_05427,Operations,76500
5428,Employee_05428,QA,79500
5429,Employee_05429,DevOps,108000
5430,Employee_05430,Product,30000
5431,Employee_05431,Engineering,65000
5432,Employee_05432,HR,119000
5433,Employee_05433,Finance,104000
5434,Employee_05434,Sales,98500
5435,Employee_05435,Marketing,41500
5436,Employee_05436,Support,40000
5437,Employee_05437,Operations,107000
5438,Employee_05438,QA,105000
5439,Employee_05439,DevOps,65500
5440,Employee_05440,Product,37500
5441,Employee_05441,Engineering,32000
5442,Employee_05442,HR,41000
5443,Employee_05443,Finance,72500
5444,Employee_05444,Sales,36000
5445,Employee_05445,Marketing,60000
5446,Employee_05446,Support,114500
5447,Employee_05447,Operations,86000
5448,Employee_05448,QA,40000
5449,Employee_05449,DevOps,32000
5450,Employee_05450,Product,39500
5451,Employee_05451,Engineering,75000
5452,Employee_05452,HR,42500
5453,Employee_05453,Finance,99000
5454,Employee_05454,Sales,36500
5455,Employee_05455,Marketing,36000
5456,Employee_05456,Support,110000
5457,Employee_05457,Operations,56000
5458,Employee_05458,QA,49500
5459,Employee_05459,DevOps,94500
5460,Employee_05460,Product,71500
5461,Employee_05461,Engineering,45000
5462,Employee_05462,HR,48000
5463,Employee_05463,Finance,95500
5464,Employee_05464,Sales,77000
5465,Employee_05465,Marketing,56500
5466,Employee_05466,Support,62000
5467,Employee_05467,Operations,93500
5468,Employee_05468,QA,91500
5469,Employee_05469,DevOps,86000
5470,Employee_05470,Product,113000
5471,Employee_05471,Engineering,87000
5472,Employee_05472,HR,90000
5473,Employee_05473,Finance,120000
5474,Employee_05474,Sales,57000
5475,Employee_05475,Marketing,69500
5476,Employee_05476,Support,73500
5477,Employee_05477,Operations,76000
5478,Employee_05478,QA,30500
5479,Employee_05479,DevOps,49000
5480,Employee_05480,Product,87000
5481,Employee_05481,Engineering,72500
5482,Employee_05482,HR,111500
5483,Employee_05483,Finance,46500
5484,Employee_05484,Sales,111000
5485,Employee_05485,Marketing,74000
5486,Employee_05486,Support,86500
5487,Employee_05487,Operations,48500
5488,Employee_05488,QA,45500
5489,Employee_05489,DevOps,46000
5490,Employee_05490,Product,48000
5491,Employee_05491,Engineering,78500
5492,Employee_05492,HR,31500
5493,Employee_05493,Finance,41000
5494,Employee_05494,Sales,81000
5495,Employee_05495,Marketing,83500
5496,Employee_05496,Support,115000
5497,Employee_05497,Operations,44500
5498,Employee_05498,QA,63000
5499,Employee_05499,DevOps,119500
5500,Employee_05500,Product,101500
5501,Employee_05501,Engineering,93000
5502,Employee_05502,HR,71500
5503,Employee_05503,Finance,64000
5504,Employee_05504,Sales,118000
5505,Employee_05505,Marketing,33000
5506,Employee_05506,Support,118000
5507,Employee_05507,Operations,83500
5508,Employee_05508,QA,110000
5509,Employee_05509,DevOps,112500
5510,Employee_05510,Product,74500
5511,Employee_05511,Engineering,58500
5512,Employee_05512,HR,100000
5513,Employee_05513,Finance,104000
5514,Employee_05514,Sales,95500
5515,Employee_05515,Marketing,30000
5516,Employee_05516,Support,100000
5517,Employee_05517,Operations,83500
5518,Employee_05518,QA,60500
5519,Employee_05519,DevOps,118000
5520,Employee_05520,Product,56000
5521,Employee_05521,Engineering,56500
5522,Employee_05522,HR,51000
5523,Employee_05523,Finance,111500
5524,Employee_05524,Sales,81500
5525,Employee_05525,Marketing,30500
5526,Employee_05526,Support,33000
5527,Employee_05527,Operations,99000
5528,Employee_05528,QA,106500
5529,Employee_05529,DevOps,69000
5530,Employee_05530,Product,80500
5531,Employee_05531,Engineering,92000
5532,Employee_05532,HR,73500
5533,Employee_05533,Finance,111500
5534,Employee_05534,Sales,114500
5535,Employee_05535,Marketing,92500
5536,Employee_05536,Support,101500
5537,Employee_05537,Operations,50000
5538,Employee_05538,QA,64000
5539,Employee_05539,DevOps,106500
5540,Employee_05540,Product,108500
5541,Employee_05541,Engineering,61500
5542,Employee_05542,HR,83000
5543,Employee_05543,Finance,76500
5544,Employee_05544,Sales,79500
5545,Employee_05545,Marketing,40500
5546,Employee_05546,Support,48000
5547,Employee_05547,Operations,31500
5548,Employee_05548,QA,118000
5549,Employee_05549,DevOps,70500
5550,Employee_05550,Product,43500
5551,Employee_05551,Engineering,32500
5552,Employee_05552,HR,49500
5553,Employee_05553,Finance,72000
5554,Employee_05554,Sales,66500
5555,Employee_05555,Marketing,94500
5556,Employee_05556,Support,67000
5557,Employee_05557,Operations,96000
5558,Employee_05558,QA,96000
5559,Employee_05559,DevOps,93500
5560,Employee_05560,Product,63500
5561,Employee_05561,Engineering,47000
5562,Employee_05562,HR,109000
5563,Employee_05563,Finance,74500
5564,Employee_05564,Sales,66500
5565,Employee_05565,Marketing,96500
5566,Employee_05566,Support,119000
5567,Employee_05567,Operations,100000
5568,Employee_05568,QA,33500
5569,Employee_05569,DevOps,33500
5570,Employee_05570,Product,110500
5571,Employee_05571,Engineering,70000
5572,Employee_05572,HR,107000
5573,Employee_05573,Finance,34000
5574,Employee_05574,Sales,92000
5575,Employee_05575,Marketing,46500
5576,Employee_05576,Support,88000
5577,Employee_05577,Operations,38000
5578,Employee_05578,QA,54000
5579,Employee_05579,DevOps,34500
5580,Employee_05580,Product,115000
5581,Employee_05581,Engineering,78500
5582,Employee_05582,HR,98000
5583,Employee_05583,Finance,89500
5584,Employee_05584,Sales,70000
5585,Employee_05585,Marketing,45000
5586,Employee_05586,Support,37500
5587,Employee_05587,Operations,45500
5588,Employee_05588,QA,106500
5589,Employee_05589,DevOps,89500
5590,Employee_05590,Product,63500
5591,Employee_05591,Engineering,43000
5592,Employee_05592,HR,55000
5593,Employee_05593,Finance,41000
5594,Employee_05594,Sales,91500
5595,Employee_05595,Marketing,74500
5596,Employee_05596,Support,42500
5597,Employee_05597,Operations,45000
5598,Employee_05598,QA,104000
5599,Employee_05599,DevOps,111500
5600,Employee_05600,Product,106500
5601,Employee_05601,Engineering,58000
5602,Employee_05602,HR,95500
5603,Employee_05603,Finance,96000
5604,Employee_05604,Sales,38000
5605,Employee_05605,Marketing,114000
5606,Employee_05606,Support,118500
5607,Employee_05607,Operations,62500
5608,Employee_05608,QA,64500
5609,Employee_05609,DevOps,100000
5610,Employee_05610,Product,104500
5611,Employee_05611,Engineering,96500
5612,Employee_05612,HR,83500
5613,Employee_05613,Finance,38000
5614,Employee_05614,Sales,114000
5615,Employee_05615,Marketing,118000
5616,Employee_05616,Support,34500
5617,Employee_05617,Operations,32500
5618,Employee_05618,QA,62000
5619,Employee_05619,DevOps,80000
5620,Employee_05620,Product,85500
5621,Employee_05621,Engineering,63500
5622,Employee_05622,HR,100500
5623,Employee_05623,Finance,109000
5624,Employee_05624,Sales,105000
5625,Employee_05625,Marketing,55500
5626,Employee_05626,Support,114000
5627,Employee_05627,Operations,82500
5628,Employee_05628,QA,30500
5629,Employee_05629,DevOps,44500
5630,Employee_05630,Product,66500
5631,Employee_05631,Engineering,104000
5632,Employee_05632,HR,42500
5633,Employee_05633,Finance,103000
5634,Employee_05634,Sales,117500
5635,Employee_05635,Marketing,105500
5636,Employee_05636,Support,76000
5637,Employee_05637,Operations,118500
5638,Employee_05638,QA,61500
5639,Employee_05639,DevOps,51000
5640,Employee_05640,Product,107500
5641,Employee_05641,Engineering,110000
5642,Employee_05642,HR,71500
5643,Employee_05643,Finance,44500
5644,Employee_05644,Sales,68000
5645,Employee_05645,Marketing,92500
5646,Employee_05646,Support,86000
5647,Employee_05647,Operations,63000
5648,Employee_05648,QA,51000
5649,Employee_05649,DevOps,33500
5650,Employee_05650,Product,31000
5651,Employee_05651,Engineering,114000
5652,Employee_05652,HR,109500
5653,Employee_05653,Finance,30500
5654,Employee_05654,Sales,104000
5655,Employee_05655,Marketing,94500
5656,Employee_05656,Support,102500
5657,Employee_05657,Operations,81000
5658,Employee_05658,QA,61500
5659,Employee_05659,DevOps,35500
5660,Employee_05660,Product,109500
5661,Employee_05661,Engineering,117000
5662,Employee_05662,HR,85000
5663,Employee_05663,Finance,97500
5664,Employee_05664,Sales,103000
5665,Employee_05665,Marketing,108000
5666,Employee_05666,Support,62500
5667,Employee_05667,Operations,46000
5668,Employee_05668,QA,105500
5669,Employee_05669,DevOps,60000
5670,Employee_05670,Product,106500
5671,Employee_05671,Engineering,64000
5672,Employee_05672,HR,55000
5673,Employee_05673,Finance,42500
5674,Employee_05674,Sales,74000
5675,Employee_05675,Marketing,34500
5676,Employee_05676,Support,33500
5677,Employee_05677,Operations,105500
5678,Employee_05678,QA,71500
5679,Employee_05679,DevOps,81500
5680,Employee_05680,Product,74500
5681,Employee_05681,Engineering,73000
5682,Employee_05682,HR,68500
5683,Employee_05683,Finance,77500
5684,Employee_05684,Sales,41500
5685,Employee_05685,Marketing,50500
5686,Employee_05686,Support,99500
5687,Employee_05687,Operations,88500
5688,Employee_05688,QA,55000
5689,Employee_05689,DevOps,100000
5690,Employee_05690,Product,77500
5691,Employee_05691,Engineering,65000
5692,Employee_05692,HR,73500
5693,Employee_05693,Finance,99000
5694,Employee_05694,Sales,44500
5695,Employee_05695,Marketing,56000
5696,Employee_05696,Support,110500
5697,Employee_05697,Operations,78500
5698,Employee_05698,QA,35000
5699,Employee_05699,DevOps,98000
5700,Employee_05700,Product,53500
5701,Employee_05701,Engineering,109000
5702,Employee_05702,HR,36000
5703,Employee_05703,Finance,35500
5704,Employee_05704,Sales,91000
5705,Employee_05705,Marketing,99000
5706,Employee_05706,Support,48000
5707,Employee_05707,Operations,112500
5708,Employee_05708,QA,38000
5709,Employee_05709,DevOps,118000
5710,Employee_05710,Product,88500
5711,Employee_05711,Engineering,103000
5712,Employee_05712,HR,116000
5713,Employee_05713,Finance,99000
5714,Employee_05714,Sales,61000
5715,Employee_05715,Marketing,76000
5716,Employee_05716,Support,117500
5717,Employee_05717,Operations,107500
5718,Employee_05718,QA,113500
5719,Employee_05719,DevOps,92000
5720,Employee_05720,Product,97500
5721,Employee_05721,Engineering,75500
5722,Employee_05722,HR,67000
5723,Employee_05723,Finance,118500
5724,Employee_05724,Sales,52000
5725,Employee_05725,Marketing,34500
5726,Employee_05726,Support,89500
5727,Employee_05727,Operations,117500
5728,Employee_05728,QA,59000
5729,Employee_05729,DevOps,110000
5730,Employee_05730,Product,76500
5731,Employee_05731,Engineering,70000
5732,Employee_05732,HR,30000
5733,Employee_05733,Finance,86000
5734,Employee_05734,Sales,34000
5735,Employee_05735,Marketing,54000
5736,Employee_05736,Support,43500
5737,Employee_05737,Operations,76500
5738,Employee_05738,QA,52000
5739,Employee_05739,DevOps,50000
5740,Employee_05740,Product,90500
5741,Employee_05741,Engineering,71000
5742,Employee_05742,HR,33500
5743,Employee_05743,Finance,72500
5744,Employee_05744,Sales,63000
5745,Employee_05745,Marketing,104500
5746,Employee_05746,Support,84000
5747,Employee_05747,Operations,69500
5748,Employee_05748,QA,69500
5749,Employee_05749,DevOps,95000
5750,Employee_05750,Product,41000
5751,Employee_05751,Engineering,98000
5752,Employee_05752,HR,81500
5753,Employee_05753,Finance,59000
5754,Employee_05754,Sales,32000
5755,Employee_05755,Marketing,51000
5756,Employee_05756,Support,102500
5757,Employee_05757,Operations,108000
5758,Employee_05758,QA,71000
5759,Employee_05759,DevOps,70000
5760,Employee_05760,Product,36500
5761,Employee_05761,Engineering,75500
5762,Employee_05762,HR,60000
5763,Employee_05763,Finance,89500
5764,Employee_05764,Sales,93000
5765,Employee_05765,Marketing,37000
5766,Employee_05766,Support,92500
5767,Employee_05767,Operations,40500
5768,Employee_05768,QA,97000
5769,Employee_05769,DevOps,93500
5770,Employee_05770,Product,51500
5771,Employee_05771,Engineering,112500
5772,Employee_05772,HR,53000
5773,Employee_05773,Finance,52500
5774,Employee_05774,Sales,37500
5775,Employee_05775,Marketing,59000
5776,Employee_05776,Support,80000
5777,Employee_05777,Operations,52500
5778,Employee_05778,QA,42500
5779,Employee_05779,DevOps,88000
5780,Employee_05780,Product,113000
5781,Employee_05781,Engineering,30000
5782,Employee_05782,HR,113500
5783,Employee_05783,Finance,68000
5784,Employee_05784,Sales,42500
5785,Employee_05785,Marketing,66500
5786,Employee_05786,Support,102500
5787,Employee_05787,Operations,61500
5788,Employee_05788,QA,84500
5789,Employee_05789,DevOps,35500
5790,Employee_05790,Product,96500
5791,Employee_05791,Engineering,63500
5792,Employee_05792,HR,103500
5793,Employee_05793,Finance,114500
5794,Employee_05794,Sales,74000
5795,Employee_05795,Marketing,61000
5796,Employee_05796,Support,83500
5797,Employee_05797,Operations,113000
5798,Employee_05798,QA,70000
5799,Employee_05799,DevOps,106500
5800,Employee_05800,Product,82000
5801,Employee_05801,Engineering,57500
5802,Employee_05802,HR,69000
5803,Employee_05803,Finance,84500
5804,Employee_05804,Sales,113000
5805,Employee_05805,Marketing,42000
5806,Employee_05806,Support,45000
5807,Employee_05807,Operations,58000
5808,Employee_05808,QA,95000
5809,Employee_05809,DevOps,44500
5810,Employee_05810,Product,47000
5811,Employee_05811,Engineering,73500
5812,Employee_05812,HR,57500
5813,Employee_05813,Finance,74500
5814,Employee_05814,Sales,33500
5815,Employee_05815,Marketing,48000
5816,Employee_05816,Support,50000
5817,Employee_05817,Operations,58500
5818,Employee_05818,QA,104000
5819,Employee_05819,DevOps,59000
5820,Employee_05820,Product,42500
5821,Employee_05821,Engineering,87500
5822,Employee_05822,HR,65000
5823,Employee_05823,Finance,118000
5824,Employee_05824,Sales,34500
5825,Employee_05825,Marketing,60000
5826,Employee_05826,Support,115000
5827,Employee_05827,Operations,64500
5828,Employee_05828,QA,82500
5829,Employee_05829,DevOps,83500
5830,Employee_05830,Product,68500
5831,Employee_05831,Engineering,48000
5832,Employee_05832,HR,42500
5833,Employee_05833,Finance,63500
5834,Employee_05834,Sales,65000
5835,Employee_05835,Marketing,85500
5836,Employee_05836,Support,86500
5837,Employee_05837,Operations,75500
5838,Employee_05838,QA,98000
5839,Employee_05839,DevOps,111000
5840,Employee_05840,Product,74000
5841,Employee_05841,Engineering,55500
5842,Employee_05842,HR,58000
5843,Employee_05843,Finance,53000
5844,Employee_05844,Sales,67500
5845,Employee_05845,Marketing,103000
5846,Employee_05846,Support,86500
5847,Employee_05847,Operations,68500
5848,Employee_05848,QA,55500
5849,Employee_05849,DevOps,78000
5850,Employee_05850,Product,49500
5851,Employee_05851,Engineering,103500
5852,Employee_05852,HR,113000
5853,Employee_05853,Finance,72000
5854,Employee_05854,Sales,73500
5855,Employee_05855,Marketing,97500
5856,Employee_05856,Support,36500
5857,Employee_05857,Operations,34500
5858,Employee_05858,QA,56000
5859,Employee_05859,DevOps,106500
5860,Employee_05860,Product,41500
5861,Employee_05861,Engineering,93000
5862,Employee_05862,HR,51000
5863,Employee_05863,Finance,41000
5864,Employee_05864,Sales,55500
5865,Employee_05865,Marketing,45500
5866,Employee_05866,Support,39000
5867,Employee_05867,Operations,81000
5868,Employee_05868,QA,101500
5869,Employee_05869,DevOps,106000
5870,Employee_05870,Product,51500
5871,Employee_05871,Engineering,98000
5872,Employee_05872,HR,104500
5873,Employee_05873,Finance,36000
5874,Employee_05874,Sales,90000
5875,Employee_05875,Marketing,62500
5876,Employee_05876,Support,50500
5877,Employee_05877,Operations,81500
5878,Employee_05878,QA,106000
5879,Employee_05879,DevOps,93500
5880,Employee_05880,Product,102000
5881,Employee_05881,Engineering,115000
5882,Employee_05882,HR,37500
5883,Employee_05883,Finance,119500
5884,Employee_05884,Sales,89000
5885,Employee_05885,Marketing,83500
5886,Employee_05886,Support,95000
5887,Employee_05887,Operations,80000
5888,Employee_05888,QA,63500
5889,Employee_05889,DevOps,30000
5890,Employee_05890,Product,32000
5891,Employee_05891,Engineering,39000
5892,Employee_05892,HR,59500
5893,Employee_05893,Finance,67500
5894,Employee_05894,Sales,76500
5895,Employee_05895,Marketing,62000
5896,Employee_05896,Support,66500
5897,Employee_05897,Operations,55500
5898,Employee_05898,QA,57500
5899,Employee_05899,DevOps,72500
5900,Employee_05900,Product,33000
5901,Employee_05901,Engineering,100500
5902,Employee_05902,HR,46000
5903,Employee_05903,Finance,54500
5904,Employee_05904,Sales,107000
5905,Employee_05905,Marketing,31000
5906,Employee_05906,Support,50000
5907,Employee_05907,Operations,67500
5908,Employee_05908,QA,77500
5909,Employee_05909,DevOps,50500
5910,Employee_05910,Product,72500
5911,Employee_05911,Engineering,107500
5912,Employee_05912,HR,104000
5913,Employee_05913,Finance,96000
5914,Employee_05914,Sales,42500
5915,Employee_05915,Marketing,54500
5916,Employee_05916,Support,91500
5917,Employee_05917,Operations,78500
5918,Employee_05918,QA,95000
5919,Employee_05919,DevOps,36000
5920,Employee_05920,Product,33500
5921,Employee_05921,Engineering,98500
5922,Employee_05922,HR,51000
5923,Employee_05923,Finance,86500
5924,Employee_05924,Sales,40000
5925,Employee_05925,Marketing,57500
5926,Employee_05926,Support,60500
5927,Employee_05927,Operations,96000
5928,Employee_05928,QA,62500
5929,Employee_05929,DevOps,88500
5930,Employee_05930,Product,109000
5931,Employee_05931,Engineering,55000
5932,Employee_05932,HR,116500
5933,Employee_05933,Finance,36500
5934,Employee_05934,Sales,99000
5935,Employee_05935,Marketing,98000
5936,Employee_05936,Support,114500
5937,Employee_05937,Operations,63500
5938,Employee_05938,QA,55500
5939,Employee_05939,DevOps,94000
5940,Employee_05940,Product,117000
5941,Employee_05941,Engineering,49000
5942,Employee_05942,HR,76500
5943,Employee_05943,Finance,99000
5944,Employee_05944,Sales,44000
5945,Employee_05945,Marketing,118500
5946,Employee_05946,Support,32500
5947,Employee_05947,Operations,64500
5948,Employee_05948,QA,52000
5949,Employee_05949,DevOps,91000
5950,Employee_05950,Product,97500
5951,Employee_05951,Engineering,84500
5952,Employee_05952,HR,30000
5953,Employee_05953,Finance,115000
5954,Employee_05954,Sales,89000
5955,Employee_05955,Marketing,34000
5956,Employee_05956,Support,103500
5957,Employee_05957,Operations,38000
5958,Employee_05958,QA,100000
5959,Employee_05959,DevOps,32500
5960,Employee_05960,Product,36500
5961,Employee_05961,Engineering,100500
5962,Employee_05962,HR,100000
5963,Employee_05963,Finance,101500
5964,Employee_05964,Sales,57500
5965,Employee_05965,Marketing,109500
5966,Employee_05966,Support,77500
5967,Employee_05967,Operations,57500
5968,Employee_05968,QA,98500
5969,Employee_05969,DevOps,53500
5970,Employee_05970,Product,101000
5971,Employee_05971,Engineering,48000
5972,Employee_05972,HR,118500
5973,Employee_05973,Finance,70500
5974,Employee_05974,Sales,35000
5975,Employee_05975,Marketing,111500
5976,Employee_05976,Support,114500
5977,Employee_05977,Operations,74000
5978,Employee_05978,QA,88000
5979,Employee_05979,DevOps,88500
5980,Employee_05980,Product,34000
5981,Employee_05981,Engineering,119500
5982,Employee_05982,HR,62500
5983,Employee_05983,Finance,119500
5984,Employee_05984,Sales,42000
5985,Employee_05985,Marketing,101500
5986,Employee_05986,Support,93000
5987,Employee_05987,Operations,44500
5988,Employee_05988,QA,109000
5989,Employee_05989,DevOps,98500
5990,Employee_05990,Product,54000
5991,Employee_05991,Engineering,87500
5992,Employee_05992,HR,38000
5993,Employee_05993,Finance,45500
5994,Employee_05994,Sales,90000
5995,Employee_05995,Marketing,97000
5996,Employee_05996,Support,79500
5997,Employee_05997,Operations,71500
5998,Employee_05998,QA,111500
5999,Employee_05999,DevOps,68000
6000,Employee_06000,Product,58000
6001,Employee_06001,Engineering,38000
6002,Employee_06002,HR,95500
6003,Employee_06003,Finance,104000
6004,Employee_06004,Sales,56500
6005,Employee_06005,Marketing,73000
6006,Employee_06006,Support,112000
6007,Employee_06007,Operations,106000
6008,Employee_06008,QA,53000
6009,Employee_06009,DevOps,40500
6010,Employee_06010,Product,31500
6011,Employee_06011,Engineering,41500
6012,Employee_06012,HR,37000
6013,Employee_06013,Finance,116500
6014,Employee_06014,Sales,82000
6015,Employee_06015,Marketing,41000
6016,Employee_06016,Support,67500
6017,Employee_06017,Operations,73000
6018,Employee_06018,QA,95500
6019,Employee_06019,DevOps,56000
6020,Employee_06020,Product,80000
6021,Employee_06021,Engineering,90500
6022,Employee_06022,HR,82500
6023,Employee_06023,Finance,72500
6024,Employee_06024,Sales,34000
6025,Employee_06025,Marketing,64000
6026,Employee_06026,Support,70000
6027,Employee_06027,Operations,114500
6028,Employee_06028,QA,56500
6029,Employee_06029,DevOps,105000
6030,Employee_06030,Product,77500
6031,Employee_06031,Engineering,49500
6032,Employee_06032,HR,115000
6033,Employee_06033,Finance,104500
6034,Employee_06034,Sales,41500
6035,Employee_06035,Marketing,80500
6036,Employee_06036,Support,70500
6037,Employee_06037,Operations,83000
6038,Employee_06038,QA,74000
6039,Employee_06039,DevOps,97000
6040,Employee_06040,Product,33000
6041,Employee_06041,Engineering,32500
6042,Employee_06042,HR,119500
6043,Employee_06043,Finance,89500
6044,Employee_06044,Sales,115000
6045,Employee_06045,Marketing,85000
6046,Employee_06046,Support,40500
6047,Employee_06047,Operations,87000
6048,Employee_06048,QA,31500
6049,Employee_06049,DevOps,56000
6050,Employee_06050,Product,81500
6051,Employee_06051,Engineering,52000
6052,Employee_06052,HR,88500
6053,Employee_06053,Finance,70000
6054,Employee_06054,Sales,69000
6055,Employee_06055,Marketing,100000
6056,Employee_06056,Support,112500
6057,Employee_06057,Operations,81500
6058,Employee_06058,QA,71500
6059,Employee_06059,DevOps,76500
6060,Employee_06060,Product,104500
6061,Employee_06061,Engineering,44000
6062,Employee_06062,HR,111500
6063,Employee_06063,Finance,68500
6064,Employee_06064,Sales,34000
6065,Employee_06065,Marketing,105500
6066,Employee_06066,Support,109500
6067,Employee_06067,Operations,92500
6068,Employee_06068,QA,77000
6069,Employee_06069,DevOps,94500
6070,Employee_06070,Product,33500
6071,Employee_06071,Engineering,54500
6072,Employee_06072,HR,110000
6073,Employee_06073,Finance,50000
6074,Employee_06074,Sales,78000
6075,Employee_06075,Marketing,44000
6076,Employee_06076,Support,61000
6077,Employee_06077,Operations,108500
6078,Employee_06078,QA,75500
6079,Employee_06079,DevOps,51000
6080,Employee_06080,Product,64000
6081,Employee_06081,Engineering,96000
6082,Employee_06082,HR,105000
6083,Employee_06083,Finance,118000
6084,Employee_06084,Sales,111500
6085,Employee_06085,Marketing,44500
6086,Employee_06086,Support,119500
6087,Employee_06087,Operations,87500
6088,Employee_06088,QA,84000
6089,Employee_06089,DevOps,91000
6090,Employee_06090,Product,103500
6091,Employee_06091,Engineering,39000
6092,Employee_06092,HR,76000
6093,Employee_06093,Finance,38000
6094,Employee_06094,Sales,98000
6095,Employee_06095,Marketing,105500
6096,Employee_06096,Support,55500
6097,Employee_06097,Operations,113500
6098,Employee_06098,QA,69500
6099,Employee_06099,DevOps,53000
6100,Employee_06100,Product,97000
6101,Employee_06101,Engineering,113500
6102,Employee_06102,HR,69000
6103,Employee_06103,Finance,115000
6104,Employee_06104,Sales,88500
6105,Employee_06105,Marketing,53500
6106,Employee_06106,Support,41500
6107,Employee_06107,Operations,112000
6108,Employee_06108,QA,68500
6109,Employee_06109,DevOps,66000
6110,Employee_06110,Product,32000
6111,Employee_06111,Engineering,33500
6112,Employee_06112,HR,119000
6113,Employee_06113,Finance,66500
6114,Employee_06114,Sales,113000
6115,Employee_06115,Marketing,31000
6116,Employee_06116,Support,87500
6117,Employee_06117,Operations,82500
6118,Employee_06118,QA,106000
6119,Employee_06119,DevOps,106500
6120,Employee_06120,Product,114000
6121,Employee_06121,Engineering,111500
6122,Employee_06122,HR,119500
6123,Employee_06123,Finance,110500
6124,Employee_06124,Sales,120000
6125,Employee_06125,Marketing,88500
6126,Employee_06126,Support,76000
6127,Employee_06127,Operations,103500
6128,Employee_06128,QA,109000
6129,Employee_06129,DevOps,107000
6130,Employee_06130,Product,83500
6131,Employee_06131,Engineering,51500
6132,Employee_06132,HR,89000
6133,Employee_06133,Finance,110500
6134,Employee_06134,Sales,53500
6135,Employee_06135,Marketing,78000
6136,Employee_06136,Support,47500
6137,Employee_06137,Operations,73000
6138,Employee_06138,QA,45000
6139,Employee_06139,DevOps,113000
6140,Employee_06140,Product,106000
6141,Employee_06141,Engineering,58000
6142,Employee_06142,HR,107000
6143,Employee_06143,Finance,36500
6144,Employee_06144,Sales,47000
6145,Employee_06145,Marketing,43000
6146,Employee_06146,Support,42500
6147,Employee_06147,Operations,92500
6148,Employee_06148,QA,81000
6149,Employee_06149,DevOps,111000
6150,Employee_06150,Product,75500
6151,Employee_06151,Engineering,77500
6152,Employee_06152,HR,39000
6153,Employee_06153,Finance,120000
6154,Employee_06154,Sales,64000
6155,Employee_06155,Marketing,54500
6156,Employee_06156,Support,89000
6157,Employee_06157,Operations,93000
6158,Employee_06158,QA,86500
6159,Employee_06159,DevOps,45000
6160,Employee_06160,Product,96000
6161,Employee_06161,Engineering,102000
6162,Employee_06162,HR,72000
6163,Employee_06163,Finance,52000
6164,Employee_06164,Sales,97000
6165,Employee_06165,Marketing,100500
6166,Employee_06166,Support,67500
6167,Employee_06167,Operations,85500
6168,Employee_06168,QA,109500
6169,Employee_06169,DevOps,106500
6170,Employee_06170,Product,87000
6171,Employee_06171,Engineering,85000
6172,Employee_06172,HR,66000
6173,Employee_06173,Finance,79000
6174,Employee_06174,Sales,82000
6175,Employee_06175,Marketing,76500
6176,Employee_06176,Support,101000
6177,Employee_06177,Operations,100000
6178,Employee_06178,QA,62000
6179,Employee_06179,DevOps,69000
6180,Employee_06180,Product,64000
6181,Employee_06181,Engineering,91000
6182,Employee_06182,HR,107000
6183,Employee_06183,Finance,68000
6184,Employee_06184,Sales,73500
6185,Employee_06185,Marketing,64000
6186,Employee_06186,Support,115500
6187,Employee_06187,Operations,31500
6188,Employee_06188,QA,95500
6189,Employee_06189,DevOps,79500
6190,Employee_06190,Product,110000
6191,Employee_06191,Engineering,82500
6192,Employee_06192,HR,35500
6193,Employee_06193,Finance,105000
6194,Employee_06194,Sales,59500
6195,Employee_06195,Marketing,56000
6196,Employee_06196,Support,104000
6197,Employee_06197,Operations,77000
6198,Employee_06198,QA,58000
6199,Employee_06199,DevOps,35500
6200,Employee_06200,Product,47000
6201,Employee_06201,Engineering,47000
6202,Employee_06202,HR,78000
6203,Employee_06203,Finance,115000
6204,Employee_06204,Sales,60500
6205,Employee_06205,Marketing,35500
6206,Employee_06206,Support,41500
6207,Employee_06207,Operations,97000
6208,Employee_06208,QA,111500
6209,Employee_06209,DevOps,57500
6210,Employee_06210,Product,93000
6211,Employee_06211,Engineering,106500
6212,Employee_06212,HR,37500
6213,Employee_06213,Finance,42000
6214,Employee_06214,Sales,46000
6215,Employee_06215,Marketing,30000
6216,Employee_06216,Support,57500
6217,Employee_06217,Operations,64000
6218,Employee_06218,QA,57000
6219,Employee_06219,DevOps,39500
6220,Employee_06220,Product,60000
6221,Employee_06221,Engineering,33500
6222,Employee_06222,HR,91000
6223,Employee_06223,Finance,82000
6224,Employee_06224,Sales,113000
6225,Employee_06225,Marketing,112500
6226,Employee_06226,Support,97000
6227,Employee_06227,Operations,30000
6228,Employee_06228,QA,36000
6229,Employee_06229,DevOps,40000
6230,Employee_06230,Product,67500
6231,Employee_06231,Engineering,36000
6232,Employee_06232,HR,63000
6233,Employee_06233,Finance,94000
6234,Employee_06234,Sales,92500
6235,Employee_06235,Marketing,111000
6236,Employee_06236,Support,53000
6237,Employee_06237,Operations,115500
6238,Employee_06238,QA,95000
6239,Employee_06239,DevOps,108000
6240,Employee_06240,Product,40500
6241,Employee_06241,Engineering,112000
6242,Employee_06242,HR,94000
6243,Employee_06243,Finance,48000
6244,Employee_06244,Sales,108000
6245,Employee_06245,Marketing,51000
6246,Employee_06246,Support,73500
6247,Employee_06247,Operations,66000
6248,Employee_06248,QA,73500
6249,Employee_06249,DevOps,108000
6250,Employee_06250,Product,78000
6251,Employee_06251,Engineering,72000
6252,Employee_06252,HR,67000
6253,Employee_06253,Finance,114000
6254,Employee_06254,Sales,70500
6255,Employee_06255,Marketing,40500
6256,Employee_06256,Support,75000
6257,Employee_06257,Operations,35500
6258,Employee_06258,QA,90000
6259,Employee_06259,DevOps,104000
6260,Employee_06260,Product,94000
6261,Employee_06261,Engineering,57000
6262,Employee_06262,HR,76500
6263,Employee_06263,Finance,78000
6264,Employee_06264,Sales,94000
6265,Employee_06265,Marketing,33500
6266,Employee_06266,Support,102000
6267,Employee_06267,Operations,95000
6268,Employee_06268,QA,65000
6269,Employee_06269,DevOps,105000
6270,Employee_06270,Product,61000
6271,Employee_06271,Engineering,49500
6272,Employee_06272,HR,110500
6273,Employee_06273,Finance,40000
6274,Employee_06274,Sales,45500
6275,Employee_06275,Marketing,54500
6276,Employee_06276,Support,113500
6277,Employee_06277,Operations,65000
6278,Employee_06278,QA,42500
6279,Employee_06279,DevOps,63000
6280,Employee_06280,Product,44500
6281,Employee_06281,Engineering,46000
6282,Employee_06282,HR,110000
6283,Employee_06283,Finance,54000
6284,Employee_06284,Sales,69000
6285,Employee_06285,Marketing,76000
6286,Employee_06286,Support,93500
6287,Employee_06287,Operations,32500
6288,Employee_06288,QA,41000
6289,Employee_06289,DevOps,36500
6290,Employee_06290,Product,112000
6291,Employee_06291,Engineering,55500
6292,Employee_06292,HR,36500
6293,Employee_06293,Finance,69000
6294,Employee_06294,Sales,93500
6295,Employee_06295,Marketing,41000
6296,Employee_06296,Support,32500
6297,Employee_06297,Operations,40000
6298,Employee_06298,QA,105500
6299,Employee_06299,DevOps,105500
6300,Employee_06300,Product,86000
6301,Employee_06301,Engineering,84000
6302,Employee_06302,HR,102000
6303,Employee_06303,Finance,81500
6304,Employee_06304,Sales,89500
6305,Employee_06305,Marketing,52000
6306,Employee_06306,Support,32000
6307,Employee_06307,Operations,109000
6308,Employee_06308,QA,102000
6309,Employee_06309,DevOps,103000
6310,Employee_06310,Product,110000
6311,Employee_06311,Engineering,118000
6312,Employee_06312,HR,65500
6313,Employee_06313,Finance,103500
6314,Employee_06314,Sales,118000
6315,Employee_06315,Marketing,38500
6316,Employee_06316,Support,38000
6317,Employee_06317,Operations,43000
6318,Employee_06318,QA,49500
6319,Employee_06319,DevOps,113000
6320,Employee_06320,Product,94500
6321,Employee_06321,Engineering,114500
6322,Employee_06322,HR,89500
6323,Employee_06323,Finance,73000
6324,Employee_06324,Sales,33500
6325,Employee_06325,Marketing,74000
6326,Employee_06326,Support,75000
6327,Employee_06327,Operations,75500
6328,Employee_06328,QA,35000
6329,Employee_06329,DevOps,91500
6330,Employee_06330,Product,46000
6331,Employee_06331,Engineering,90000
6332,Employee_06332,HR,72000
6333,Employee_06333,Finance,112000
6334,Employee_06334,Sales,89500
6335,Employee_06335,Marketing,47000
6336,Employee_06336,Support,64500
6337,Employee_06337,Operations,43500
6338,Employee_06338,QA,87500
6339,Employee_06339,DevOps,118500
6340,Employee_06340,Product,113000
6341,Employee_06341,Engineering,108000
6342,Employee_06342,HR,53500
6343,Employee_06343,Finance,58500
6344,Employee_06344,Sales,102000
6345,Employee_06345,Marketing,89000
6346,Employee_06346,Support,53000
6347,Employee_06347,Operations,52000
6348,Employee_06348,QA,60000
6349,Employee_06349,DevOps,77000
6350,Employee_06350,Product,113000
6351,Employee_06351,Engineering,82000
6352,Employee_06352,HR,66000
6353,Employee_06353,Finance,64000
6354,Employee_06354,Sales,76000
6355,Employee_06355,Marketing,106000
6356,Employee_06356,Support,62000
6357,Employee_06357,Operations,84000
6358,Employee_06358,QA,82500
6359,Employee_06359,DevOps,108000
6360,Employee_06360,Product,97000
6361,Employee_06361,Engineering,49000
6362,Employee_06362,HR,111500
6363,Employee_06363,Finance,33500
6364,Employee_06364,Sales,103500
6365,Employee_06365,Marketing,111500
6366,Employee_06366,Support,51500
6367,Employee_06367,Operations,114500
6368,Employee_06368,QA,95500
6369,Employee_06369,DevOps,31000
6370,Employee_06370,Product,45500
6371,Employee_06371,Engineering,94500
6372,Employee_06372,HR,117000
6373,Employee_06373,Finance,85500
6374,Employee_06374,Sales,79000
6375,Employee_06375,Marketing,76500
6376,Employee_06376,Support,98000
6377,Employee_06377,Operations,40500
6378,Employee_06378,QA,119000
6379,Employee_06379,DevOps,48000
6380,Employee_06380,Product,75000
6381,Employee_06381,Engineering,104000
6382,Employee_06382,HR,32500
6383,Employee_06383,Finance,82500
6384,Employee_06384,Sales,55000
6385,Employee_06385,Marketing,76000
6386,Employee_06386,Support,66500
6387,Employee_06387,Operations,46500
6388,Employee_06388,QA,40500
6389,Employee_06389,DevOps,85500
6390,Employee_06390,Product,46000
6391,Employee_06391,Engineering,54500
6392,Employee_06392,HR,95500
6393,Employee_06393,Finance,45500
6394,Employee_06394,Sales,84500
6395,Employee_06395,Marketing,106500
6396,Employee_06396,Support,97000
6397,Employee_06397,Operations,110500
6398,Employee_06398,QA,44500
6399,Employee_06399,DevOps,91000
6400,Employee_06400,Product,31500
6401,Employee_06401,Engineering,39500
6402,Employee_06402,HR,43500
6403,Employee_06403,Finance,110500
6404,Employee_06404,Sales,39500
6405,Employee_06405,Marketing,96000
6406,Employee_06406,Support,32000
6407,Employee_06407,Operations,32500
6408,Employee_06408,QA,97000
6409,Employee_06409,DevOps,92500
6410,Employee_06410,Product,62500
6411,Employee_06411,Engineering,88000
6412,Employee_06412,HR,56500
6413,Employee_06413,Finance,92000
6414,Employee_06414,Sales,98500
6415,Employee_06415,Marketing,47500
6416,Employee_06416,Support,43000
6417,Employee_06417,Operations,33500
6418,Employee_06418,QA,52500
6419,Employee_06419,DevOps,94000
6420,Employee_06420,Product,48500
6421,Employee_06421,Engineering,47000
6422,Employee_06422,HR,66500
6423,Employee_06423,Finance,77500
6424,Employee_06424,Sales,93500
6425,Employee_06425,Marketing,52000
6426,Employee_06426,Support,75000
6427,Employee_06427,Operations,83500
6428,Employee_06428,QA,84500
6429,Employee_06429,DevOps,114500
6430,Employee_06430,Product,71000
6431,Employee_06431,Engineering,83000
6432,Employee_06432,HR,110000
6433,Employee_06433,Finance,30000
6434,Employee_06434,Sales,70500
6435,Employee_06435,Marketing,68000
6436,Employee_06436,Support,113000
6437,Employee_06437,Operations,72500
6438,Employee_06438,QA,95500
6439,Employee_06439,DevOps,97000
6440,Employee_06440,Product,67500
6441,Employee_06441,Engineering,35500
6442,Employee_06442,HR,30500
6443,Employee_06443,Finance,46500
6444,Employee_06444,Sales,40000
6445,Employee_06445,Marketing,72000
6446,Employee_06446,Support,49500
6447,Employee_06447,Operations,36500
6448,Employee_06448,QA,69500
6449,Employee_06449,DevOps,38500
6450,Employee_06450,Product,78000
6451,Employee_06451,Engineering,84000
6452,Employee_06452,HR,39500
6453,Employee_06453,Finance,94500
6454,Employee_06454,Sales,101500
6455,Employee_06455,Marketing,105000
6456,Employee_06456,Support,112000
6457,Employee_06457,Operations,73000
6458,Employee_06458,QA,97000
6459,Employee_06459,DevOps,81500
6460,Employee_06460,Product,73500
6461,Employee_06461,Engineering,58500
6462,Employee_06462,HR,110500
6463,Employee_06463,Finance,44500
6464,Employee_06464,Sales,60500
6465,Employee_06465,Marketing,103000
6466,Employee_06466,Support,73500
6467,Employee_06467,Operations,55000
6468,Employee_06468,QA,64500
6469,Employee_06469,DevOps,38500
6470,Employee_06470,Product,84000
6471,Employee_06471,Engineering,57000
6472,Employee_06472,HR,115000
6473,Employee_06473,Finance,55500
6474,Employee_06474,Sales,110000
6475,Employee_06475,Marketing,72500
6476,Employee_06476,Support,71000
6477,Employee_06477,Operations,93500
6478,Employee_06478,QA,31500
6479,Employee_06479,DevOps,39500
6480,Employee_06480,Product,119500
6481,Employee_06481,Engineering,77000
6482,Employee_06482,HR,90000
6483,Employee_06483,Finance,41000
6484,Employee_06484,Sales,33500
6485,Employee_06485,Marketing,104000
6486,Employee_06486,Support,54000
6487,Employee_06487,Operations,62000
6488,Employee_06488,QA,70500
6489,Employee_06489,DevOps,92500
6490,Employee_06490,Product,120000
6491,Employee_06491,Engineering,110000
6492,Employee_06492,HR,67000
6493,Employee_06493,Finance,85500
6494,Employee_06494,Sales,70500
6495,Employee_06495,Marketing,117000
6496,Employee_06496,Support,98500
6497,Employee_06497,Operations,116000
6498,Employee_06498,QA,31500
6499,Employee_06499,DevOps,114500
6500,Employee_06500,Product,60500
6501,Employee_06501,Engineering,46500
6502,Employee_06502,HR,76500
6503,Employee_06503,Finance,54000
6504,Employee_06504,Sales,72000
6505,Employee_06505,Marketing,102500
6506,Employee_06506,Support,119500
6507,Employee_06507,Operations,117500
6508,Employee_06508,QA,58500
6509,Employee_06509,DevOps,91000
6510,Employee_06510,Product,108500
6511,Employee_06511,Engineering,110500
6512,Employee_06512,HR,103000
6513,Employee_06513,Finance,91500
6514,Employee_06514,Sales,105000
6515,Employee_06515,Marketing,32500
6516,Employee_06516,Support,48500
6517,Employee_06517,Operations,52000
6518,Employee_06518,QA,96000
6519,Employee_06519,DevOps,90500
6520,Employee_06520,Product,32500
6521,Employee_06521,Engineering,93500
6522,Employee_06522,HR,56500
6523,Employee_06523,Finance,85500
6524,Employee_06524,Sales,54500
6525,Employee_06525,Marketing,36500
6526,Employee_06526,Support,109000
6527,Employee_06527,Operations,115000
6528,Employee_06528,QA,112500
6529,Employee_06529,DevOps,95500
6530,Employee_06530,Product,47500
6531,Employee_06531,Engineering,81500
6532,Employee_06532,HR,39000
6533,Employee_06533,Finance,102500
6534,Employee_06534,Sales,101500
6535,Employee_06535,Marketing,70000
6536,Employee_06536,Support,69500
6537,Employee_06537,Operations,59000
6538,Employee_06538,QA,80000
6539,Employee_06539,DevOps,47500
6540,Employee_06540,Product,113000
6541,Employee_06541,Engineering,34000
6542,Employee_06542,HR,91000
6543,Employee_06543,Finance,55000
6544,Employee_06544,Sales,99000
6545,Employee_06545,Marketing,107500
6546,Employee_06546,Support,38000
6547,Employee_06547,Operations,99000
6548,Employee_06548,QA,41500
6549,Employee_06549,DevOps,30500
6550,Employee_06550,Product,104000
6551,Employee_06551,Engineering,100000
6552,Employee_06552,HR,108500
6553,Employee_06553,Finance,114500
6554,Employee_06554,Sales,56000
6555,Employee_06555,Marketing,98500
6556,Employee_06556,Support,53000
6557,Employee_06557,Operations,54500
6558,Employee_06558,QA,76000
6559,Employee_06559,DevOps,99500
6560,Employee_06560,Product,72500
6561,Employee_06561,Engineering,107000
6562,Employee_06562,HR,84500
6563,Employee_06563,Finance,67000
6564,Employee_06564,Sales,53000
6565,Employee_06565,Marketing,51500
6566,Employee_06566,Support,91500
6567,Employee_06567,Operations,48000
6568,Employee_06568,QA,34500
6569,Employee_06569,DevOps,74000
6570,Employee_06570,Product,88500
6571,Employee_06571,Engineering,69500
6572,Employee_06572,HR,80500
6573,Employee_06573,Finance,53000
6574,Employee_06574,Sales,58000
6575,Employee_06575,Marketing,100500
6576,Employee_06576,Support,82000
6577,Employee_06577,Operations,104500
6578,Employee_06578,QA,37500
6579,Employee_06579,DevOps,82500
6580,Employee_06580,Product,67500
6581,Employee_06581,Engineering,118000
6582,Employee_06582,HR,120000
6583,Employee_06583,Finance,57000
6584,Employee_06584,Sales,73500
6585,Employee_06585,Marketing,94500
6586,Employee_06586,Support,50000
6587,Employee_06587,Operations,36000
6588,Employee_06588,QA,52500
6589,Employee_06589,DevOps,44500
6590,Employee_06590,Product,83500
6591,Employee_06591,Engineering,33500
6592,Employee_06592,HR,76000
6593,Employee_06593,Finance,32500
6594,Employee_06594,Sales,83000
6595,Employee_06595,Marketing,42500
6596,Employee_06596,Support,64000
6597,Employee_06597,Operations,91000
6598,Employee_06598,QA,65500
6599,Employee_06599,DevOps,96000
6600,Employee_06600,Product,62000
6601,Employee_06601,Engineering,41500
6602,Employee_06602,HR,51000
6603,Employee_06603,Finance,43500
6604,Employee_06604,Sales,34500
6605,Employee_06605,Marketing,70500
6606,Employee_06606,Support,60000
6607,Employee_06607,Operations,36000
6608,Employee_06608,QA,103500
6609,Employee_06609,DevOps,49000
6610,Employee_06610,Product,71500
6611,Employee_06611,Engineering,47000
6612,Employee_06612,HR,81500
6613,Employee_06613,Finance,64500
6614,Employee_06614,Sales,60500
6615,Employee_06615,Marketing,31500
6616,Employee_06616,Support,92500
6617,Employee_06617,Operations,105000
6618,Employee_06618,QA,115000
6619,Employee_06619,DevOps,106000
6620,Employee_06620,Product,35000
6621,Employee_06621,Engineering,59000
6622,Employee_06622,HR,68000
6623,Employee_06623,Finance,90000
6624,Employee_06624,Sales,114000
6625,Employee_06625,Marketing,48000
6626,Employee_06626,Support,42500
6627,Employee_06627,Operations,95500
6628,Employee_06628,QA,34000
6629,Employee_06629,DevOps,33500
6630,Employee_06630,Product,92500
6631,Employee_06631,Engineering,64500
6632,Employee_06632,HR,100000
6633,Employee_06633,Finance,75500
6634,Employee_06634,Sales,102000
6635,Employee_06635,Marketing,101500
6636,Employee_06636,Support,111000
6637,Employee_06637,Operations,119000
6638,Employee_06638,QA,56500
6639,Employee_06639,DevOps,116000
6640,Employee_06640,Product,56000
6641,Employee_06641,Engineering,91000
6642,Employee_06642,HR,48000
6643,Employee_06643,Finance,80000
6644,Employee_06644,Sales,108000
6645,Employee_06645,Marketing,97500
6646,Employee_06646,Support,59000
6647,Employee_06647,Operations,70500
6648,Employee_06648,QA,71500
6649,Employee_06649,DevOps,75000
6650,Employee_06650,Product,91000
6651,Employee_06651,Engineering,80500
6652,Employee_06652,HR,88500
6653,Employee_06653,Finance,69500
6654,Employee_06654,Sales,64500
6655,Employee_06655,Marketing,91500
6656,Employee_06656,Support,118000
6657,Employee_06657,Operations,48500
6658,Employee_06658,QA,39000
6659,Employee_06659,DevOps,116500
6660,Employee_06660,Product,118500
6661,Employee_06661,Engineering,55000
6662,Employee_06662,HR,59500
6663,Employee_06663,Finance,108500
6664,Employee_06664,Sales,114000
6665,Employee_06665,Marketing,35000
6666,Employee_06666,Support,52000
6667,Employee_06667,Operations,80500
6668,Employee_06668,QA,118500
6669,Employee_06669,DevOps,116000
6670,Employee_06670,Product,54000
6671,Employee_06671,Engineering,39000
6672,Employee_06672,HR,52500
6673,Employee_06673,Finance,112000
6674,Employee_06674,Sales,107000
6675,Employee_06675,Marketing,41000
6676,Employee_06676,Support,52000
6677,Employee_06677,Operations,68500
6678,Employee_06678,QA,54500
6679,Employee_06679,DevOps,86500
6680,Employee_06680,Product,76500
6681,Employee_06681,Engineering,72000
6682,Employee_06682,HR,91000
6683,Employee_06683,Finance,89000
6684,Employee_06684,Sales,102500
6685,Employee_06685,Marketing,100000
6686,Employee_06686,Support,32000
6687,Employee_06687,Operations,42000
6688,Employee_06688,QA,45000
6689,Employee_06689,DevOps,57000
6690,Employee_06690,Product,93000
6691,Employee_06691,Engineering,38000
6692,Employee_06692,HR,114500
6693,Employee_06693,Finance,61500
6694,Employee_06694,Sales,33000
6695,Employee_06695,Marketing,79500
6696,Employee_06696,Support,111000
6697,Employee_06697,Operations,110500
6698,Employee_06698,QA,95500
6699,Employee_06699,DevOps,30500
6700,Employee_06700,Product,48000
6701,Employee_06701,Engineering,103000
6702,Employee_06702,HR,44500
6703,Employee_06703,Finance,50500
6704,Employee_06704,Sales,71000
6705,Employee_06705,Marketing,38000
6706,Employee_06706,Support,61000
6707,Employee_06707,Operations,92000
6708,Employee_06708,QA,86000
6709,Employee_06709,DevOps,113000
6710,Employee_06710,Product,106000
6711,Employee_06711,Engineering,40500
6712,Employee_06712,HR,47000
6713,Employee_06713,Finance,39500
6714,Employee_06714,Sales,109000
6715,Employee_06715,Marketing,108000
6716,Employee_06716,Support,68000
6717,Employee_06717,Operations,112500
6718,Employee_06718,QA,68000
6719,Employee_06719,DevOps,90500
6720,Employee_06720,Product,88000
6721,Employee_06721,Engineering,63000
6722,Employee_06722,HR,61000
6723,Employee_06723,Finance,48500
6724,Employee_06724,Sales,93500
6725,Employee_06725,Marketing,42500
6726,Employee_06726,Support,86500
6727,Employee_06727,Operations,32500
6728,Employee_06728,QA,93500
6729,Employee_06729,DevOps,72500
6730,Employee_06730,Product,73000
6731,Employee_06731,Engineering,89500
6732,Employee_06732,HR,94500
6733,Employee_06733,Finance,103500
6734,Employee_06734,Sales,36500
6735,Employee_06735,Marketing,34500
6736,Employee_06736,Support,41500
6737,Employee_06737,Operations,101000
6738,Employee_06738,QA,62500
6739,Employee_06739,DevOps,56500
6740,Employee_06740,Product,90500
6741,Employee_06741,Engineering,60500
6742,Employee_06742,HR,98000
6743,Employee_06743,Finance,98500
6744,Employee_06744,Sales,73000
6745,Employee_06745,Marketing,95000
6746,Employee_06746,Support,90000
6747,Employee_06747,Operations,44000
6748,Employee_06748,QA,39000
6749,Employee_06749,DevOps,73000
6750,Employee_06750,Product,103500
6751,Employee_06751,Engineering,72500
6752,Employee_06752,HR,61500
6753,Employee_06753,Finance,114500
6754,Employee_06754,Sales,108500
6755,Employee_06755,Marketing,96500
6756,Employee_06756,Support,85000
6757,Employee_06757,Operations,55500
6758,Employee_06758,QA,31000
6759,Employee_06759,DevOps,85000
6760,Employee_06760,Product,60500
6761,Employee_06761,Engineering,103500
6762,Employee_06762,HR,112500
6763,Employee_06763,Finance,61500
6764,Employee_06764,Sales,100000
6765,Employee_06765,Marketing,62500
6766,Employee_06766,Support,43500
6767,Employee_06767,Operations,52000
6768,Employee_06768,QA,71000
6769,Employee_06769,DevOps,40500
6770,Employee_06770,Product,52500
6771,Employee_06771,Engineering,113500
6772,Employee_06772,HR,46000
6773,Employee_06773,Finance,94000
6774,Employee_06774,Sales,56500
6775,Employee_06775,Marketing,78500
6776,Employee_06776,Support,50000
6777,Employee_06777,Operations,65000
6778,Employee_06778,QA,50500
6779,Employee_06779,DevOps,115000
6780,Employee_06780,Product,112000
6781,Employee_06781,Engineering,53000
6782,Employee_06782,HR,46000
6783,Employee_06783,Finance,69000
6784,Employee_06784,Sales,49000
6785,Employee_06785,Marketing,41000
6786,Employee_06786,Support,100500
6787,Employee_06787,Operations,32000
6788,Employee_06788,QA,55500
6789,Employee_06789,DevOps,98500
6790,Employee_06790,Product,118500
6791,Employee_06791,Engineering,59000
6792,Employee_06792,HR,82500
6793,Employee_06793,Finance,80000
6794,Employee_06794,Sales,43000
6795,Employee_06795,Marketing,101500
6796,Employee_06796,Support,31000
6797,Employee_06797,Operations,96500
6798,Employee_06798,QA,110000
6799,Employee_06799,DevOps,43000
6800,Employee_06800,Product,67500
6801,Employee_06801,Engineering,71000
6802,Employee_06802,HR,75000
6803,Employee_06803,Finance,77500
6804,Employee_06804,Sales,101000
6805,Employee_06805,Marketing,84500
6806,Employee_06806,Support,96000
6807,Employee_06807,Operations,95000
6808,Employee_06808,QA,38500
6809,Employee_06809,DevOps,68000
6810,Employee_06810,Product,33000
6811,Employee_06811,Engineering,60500
6812,Employee_06812,HR,79500
6813,Employee_06813,Finance,83500
6814,Employee_06814,Sales,101000
6815,Employee_06815,Marketing,33500
6816,Employee_06816,Support,46500
6817,Employee_06817,Operations,102000
6818,Employee_06818,QA,102500
6819,Employee_06819,DevOps,73000
6820,Employee_06820,Product,31500
6821,Employee_06821,Engineering,64000
6822,Employee_06822,HR,46000
6823,Employee_06823,Finance,119500
6824,Employee_06824,Sales,83500
6825,Employee_06825,Marketing,56000
6826,Employee_06826,Support,51500
6827,Employee_06827,Operations,37000
6828,Employee_06828,QA,78500
6829,Employee_06829,DevOps,55500
6830,Employee_06830,Product,108500
6831,Employee_06831,Engineering,84500
6832,Employee_06832,HR,61000
6833,Employee_06833,Finance,39500
6834,Employee_06834,Sales,67000
6835,Employee_06835,Marketing,103500
6836,Employee_06836,Support,54500
6837,Employee_06837,Operations,117500
6838,Employee_06838,QA,53000
6839,Employee_06839,DevOps,35500
6840,Employee_06840,Product,99500
6841,Employee_06841,Engineering,65500
6842,Employee_06842,HR,40500
6843,Employee_06843,Finance,97500
6844,Employee_06844,Sales,87500
6845,Employee_06845,Marketing,117000
6846,Employee_06846,Support,78000
6847,Employee_06847,Operations,63500
6848,Employee_06848,QA,119000
6849,Employee_06849,DevOps,70000
6850,Employee_06850,Product,47500
6851,Employee_06851,Engineering,47000
6852,Employee_06852,HR,52500
6853,Employee_06853,Finance,53500
6854,Employee_06854,Sales,83500
6855,Employee_06855,Marketing,74000
6856,Employee_06856,Support,33000
6857,Employee_06857,Operations,91000
6858,Employee_06858,QA,102000
6859,Employee_06859,DevOps,85000
6860,Employee_06860,Product,79000
6861,Employee_06861,Engineering,66500
6862,Employee_06862,HR,95500
6863,Employee_06863,Finance,117000
6864,Employee_06864,Sales,92000
6865,Employee_06865,Marketing,97000
6866,Employee_06866,Support,66000
6867,Employee_06867,Operations,91500
6868,Employee_06868,QA,89000
6869,Employee_06869,DevOps,64000
6870,Employee_06870,Product,115000
6871,Employee_06871,Engineering,117000
6872,Employee_06872,HR,86500
6873,Employee_06873,Finance,98000
6874,Employee_06874,Sales,84000
6875,Employee_06875,Marketing,39500
6876,Employee_06876,Support,57500
6877,Employee_06877,Operations,87500
6878,Employee_06878,QA,68000
6879,Employee_06879,DevOps,108000
6880,Employee_06880,Product,40000
6881,Employee_06881,Engineering,79500
6882,Employee_06882,HR,83500
6883,Employee_06883,Finance,105500
6884,Employee_06884,Sales,101000
6885,Employee_06885,Marketing,71000
6886,Employee_06886,Support,47000
6887,Employee_06887,Operations,33500
6888,Employee_06888,QA,54000
6889,Employee_06889,DevOps,108000
6890,Employee_06890,Product,39500
6891,Employee_06891,Engineering,77500
6892,Employee_06892,HR,38500
6893,Employee_06893,Finance,119500
6894,Employee_06894,Sales,79500
6895,Employee_06895,Marketing,59000
6896,Employee_06896,Support,102500
6897,Employee_06897,Operations,52500
6898,Employee_06898,QA,50000
6899,Employee_06899,DevOps,51500
6900,Employee_06900,Product,104500
6901,Employee_06901,Engineering,106500
6902,Employee_06902,HR,111500
6903,Employee_06903,Finance,88000
6904,Employee_06904,Sales,58000
6905,Employee_06905,Marketing,95000
6906,Employee_06906,Support,102500
6907,Employee_06907,Operations,30500
6908,Employee_06908,QA,36000
6909,Employee_06909,DevOps,66500
6910,Employee_06910,Product,56000
6911,Employee_06911,Engineering,58500
6912,Employee_06912,HR,71500
6913,Employee_06913,Finance,98500
6914,Employee_06914,Sales,112500
6915,Employee_06915,Marketing,34500
6916,Employee_06916,Support,104500
6917,Employee_06917,Operations,37000
6918,Employee_06918,QA,114500
6919,Employee_06919,DevOps,74000
6920,Employee_06920,Product,75000
6921,Employee_06921,Engineering,109500
6922,Employee_06922,HR,75500
6923,Employee_06923,Finance,59000
6924,Employee_06924,Sales,58500
6925,Employee_06925,Marketing,93000
6926,Employee_06926,Support,38000
6927,Employee_06927,Operations,81500
6928,Employee_06928,QA,94500
6929,Employee_06929,DevOps,73000
6930,Employee_06930,Product,54000
6931,Employee_06931,Engineering,46500
6932,Employee_06932,HR,60000
6933,Employee_06933,Finance,111000
6934,Employee_06934,Sales,51500
6935,Employee_06935,Marketing,104000
6936,Employee_06936,Support,117000
6937,Employee_06937,Operations,104000
6938,Employee_06938,QA,120000
6939,Employee_06939,DevOps,33500
6940,Employee_06940,Product,45500
6941,Employee_06941,Engineering,46000
6942,Employee_06942,HR,112500
6943,Employee_06943,Finance,114000
6944,Employee_06944,Sales,104000
6945,Employee_06945,Marketing,118000
6946,Employee_06946,Support,79500
6947,Employee_06947,Operations,67500
6948,Employee_06948,QA,36500
6949,Employee_06949,DevOps,105500
6950,Employee_06950,Product,102000
6951,Employee_06951,Engineering,93000
6952,Employee_06952,HR,86500
6953,Employee_06953,Finance,61000
6954,Employee_06954,Sales,65500
6955,Employee_06955,Marketing,76000
6956,Employee_06956,Support,45000
6957,Employee_06957,Operations,110500
6958,Employee_06958,QA,119500
6959,Employee_06959,DevOps,112500
6960,Employee_06960,Product,32500
6961,Employee_06961,Engineering,62000
6962,Employee_06962,HR,46500
6963,Employee_06963,Finance,90500
6964,Employee_06964,Sales,113000
6965,Employee_06965,Marketing,91000
6966,Employee_06966,Support,51000
6967,Employee_06967,Operations,119500
6968,Employee_06968,QA,48000
6969,Employee_06969,DevOps,110000
6970,Employee_06970,Product,78500
6971,Employee_06971,Engineering,87500
6972,Employee_06972,HR,45000
6973,Employee_06973,Finance,87000
6974,Employee_06974,Sales,87000
6975,Employee_06975,Marketing,84000
6976,Employee_06976,Support,34500
6977,Employee_06977,Operations,47500
6978,Employee_06978,QA,47500
6979,Employee_06979,DevOps,81500
6980,Employee_06980,Product,120000
6981,Employee_06981,Engineering,99000
6982,Employee_06982,HR,66000
6983,Employee_06983,Finance,58500
6984,Employee_06984,Sales,107500
6985,Employee_06985,Marketing,44000
6986,Employee_06986,Support,32000
6987,Employee_06987,Operations,31000
6988,Employee_06988,QA,93500
6989,Employee_06989,DevOps,31000
6990,Employee_06990,Product,34500
6991,Employee_06991,Engineering,50500
6992,Employee_06992,HR,59000
6993,Employee_06993,Finance,83000
6994,Employee_06994,Sales,37000
6995,Employee_06995,Marketing,54500
6996,Employee_06996,Support,70000
6997,Employee_06997,Operations,31500
6998,Employee_06998,QA,49500
6999,Employee_06999,DevOps,66000
7000,Employee_07000,Product,41500
7001,Employee_07001,Engineering,87000
7002,Employee_07002,HR,43000
7003,Employee_07003,Finance,80500
7004,Employee_07004,Sales,51500
7005,Employee_07005,Marketing,105000
7006,Employee_07006,Support,110500
7007,Employee_07007,Operations,91500
7008,Employee_07008,QA,75000
7009,Employee_07009,DevOps,59000
7010,Employee_07010,Product,114500
7011,Employee_07011,Engineering,115000
7012,Employee_07012,HR,33000
7013,Employee_07013,Finance,65000
7014,Employee_07014,Sales,66500
7015,Employee_07015,Marketing,63500
7016,Employee_07016,Support,32000
7017,Employee_07017,Operations,59000
7018,Employee_07018,QA,36000
7019,Employee_07019,DevOps,79000
7020,Employee_07020,Product,31000
7021,Employee_07021,Engineering,93500
7022,Employee_07022,HR,33500
7023,Employee_07023,Finance,80000
7024,Employee_07024,Sales,94500
7025,Employee_07025,Marketing,76500
7026,Employee_07026,Support,64500
7027,Employee_07027,Operations,75500
7028,Employee_07028,QA,79000
7029,Employee_07029,DevOps,58000
7030,Employee_07030,Product,69500
7031,Employee_07031,Engineering,37000
7032,Employee_07032,HR,97500
7033,Employee_07033,Finance,43500
7034,Employee_07034,Sales,34000
7035,Employee_07035,Marketing,55000
7036,Employee_07036,Support,111500
7037,Employee_07037,Operations,113000
7038,Employee_07038,QA,95500
7039,Employee_07039,DevOps,109500
7040,Employee_07040,Product,111000
7041,Employee_07041,Engineering,37500
7042,Employee_07042,HR,39500
7043,Employee_07043,Finance,67000
7044,Employee_07044,Sales,113000
7045,Employee_07045,Marketing,46500
7046,Employee_07046,Support,50500
7047,Employee_07047,Operations,34000
7048,Employee_07048,QA,30000
7049,Employee_07049,DevOps,40500
7050,Employee_07050,Product,38000
7051,Employee_07051,Engineering,39000
7052,Employee_07052,HR,54000
7053,Employee_07053,Finance,82500
7054,Employee_07054,Sales,38000
7055,Employee_07055,Marketing,36000
7056,Employee_07056,Support,82000
7057,Employee_07057,Operations,55000
7058,Employee_07058,QA,116500
7059,Employee_07059,DevOps,40000
7060,Employee_07060,Product,94500
7061,Employee_07061,Engineering,103000
7062,Employee_07062,HR,56500
7063,Employee_07063,Finance,39500
7064,Employee_07064,Sales,93500
7065,Employee_07065,Marketing,52500
7066,Employee_07066,Support,108500
7067,Employee_07067,Operations,63000
7068,Employee_07068,QA,35000
7069,Employee_07069,DevOps,116500
7070,Employee_07070,Product,101000
7071,Employee_07071,Engineering,56000
7072,Employee_07072,HR,100500
7073,Employee_07073,Finance,39500
7074,Employee_07074,Sales,113000
7075,Employee_07075,Marketing,79000
7076,Employee_07076,Support,92500
7077,Employee_07077,Operations,79500
7078,Employee_07078,QA,112000
7079,Employee_07079,DevOps,53000
7080,Employee_07080,Product,113500
7081,Employee_07081,Engineering,102000
7082,Employee_07082,HR,39000
7083,Employee_07083,Finance,46500
7084,Employee_07084,Sales,118500
7085,Employee_07085,Marketing,50000
7086,Employee_07086,Support,74500
7087,Employee_07087,Operations,113500
7088,Employee_07088,QA,98000
7089,Employee_07089,DevOps,52500
7090,Employee_07090,Product,98500
7091,Employee_07091,Engineering,81000
7092,Employee_07092,HR,56500
7093,Employee_07093,Finance,91500
7094,Employee_07094,Sales,33000
7095,Employee_07095,Marketing,95000
7096,Employee_07096,Support,51500
7097,Employee_07097,Operations,100500
7098,Employee_07098,QA,102500
7099,Employee_07099,DevOps,41000
7100,Employee_07100,Product,52500
7101,Employee_07101,Engineering,71000
7102,Employee_07102,HR,107000
7103,Employee_07103,Finance,115000
7104,Employee_07104,Sales,63000
7105,Employee_07105,Marketing,42000
7106,Employee_07106,Support,82500
7107,Employee_07107,Operations,110500
7108,Employee_07108,QA,37000
7109,Employee_07109,DevOps,69500
7110,Employee_07110,Product,87500
7111,Employee_07111,Engineering,99000
7112,Employee_07112,HR,76000
7113,Employee_07113,Finance,50000
7114,Employee_07114,Sales,72000
7115,Employee_07115,Marketing,43500
7116,Employee_07116,Support,110500
7117,Employee_07117,Operations,38000
7118,Employee_07118,QA,48500
7119,Employee_07119,DevOps,80500
7120,Employee_07120,Product,111000
7121,Employee_07121,Engineering,86000
7122,Employee_07122,HR,49500
7123,Employee_07123,Finance,31500
7124,Employee_07124,Sales,66000
7125,Employee_07125,Marketing,112500
7126,Employee_07126,Support,77000
7127,Employee_07127,Operations,110500
7128,Employee_07128,QA,56500
7129,Employee_07129,DevOps,72000
7130,Employee_07130,Product,73000
7131,Employee_07131,Engineering,32500
7132,Employee_07132,HR,117000
7133,Employee_07133,Finance,100500
7134,Employee_07134,Sales,59000
7135,Employee_07135,Marketing,33000
7136,Employee_07136,Support,87500
7137,Employee_07137,Operations,111500
7138,Employee_07138,QA,112500
7139,Employee_07139,DevOps,79000
7140,Employee_07140,Product,108000
7141,Employee_07141,Engineering,30500
7142,Employee_07142,HR,66500
7143,Employee_07143,Finance,69000
7144,Employee_07144,Sales,118500
7145,Employee_07145,Marketing,31500
7146,Employee_07146,Support,102000
7147,Employee_07147,Operations,90500
7148,Employee_07148,QA,45000
7149,Employee_07149,DevOps,116000
7150,Employee_07150,Product,119000
7151,Employee_07151,Engineering,85000
7152,Employee_07152,HR,75000
7153,Employee_07153,Finance,91500
7154,Employee_07154,Sales,84000
7155,Employee_07155,Marketing,85000
7156,Employee_07156,Support,33500
7157,Employee_07157,Operations,117500
7158,Employee_07158,QA,61000
7159,Employee_07159,DevOps,44000
7160,Employee_07160,Product,69000
7161,Employee_07161,Engineering,114500
7162,Employee_07162,HR,93000
7163,Employee_07163,Finance,110000
7164,Employee_07164,Sales,32500
7165,Employee_07165,Marketing,76500
7166,Employee_07166,Support,62000
7167,Employee_07167,Operations,33500
7168,Employee_07168,QA,30000
7169,Employee_07169,DevOps,46500
7170,Employee_07170,Product,58500
7171,Employee_07171,Engineering,38500
7172,Employee_07172,HR,116500
7173,Employee_07173,Finance,100000
7174,Employee_07174,Sales,61500
7175,Employee_07175,Marketing,33000
7176,Employee_07176,Support,94500
7177,Employee_07177,Operations,87500
7178,Employee_07178,QA,71500
7179,Employee_07179,DevOps,67000
7180,Employee_07180,Product,116000
7181,Employee_07181,Engineering,113500
7182,Employee_07182,HR,83000
7183,Employee_07183,Finance,91500
7184,Employee_07184,Sales,75000
7185,Employee_07185,Marketing,32000
7186,Employee_07186,Support,39500
7187,Employee_07187,Operations,56500
7188,Employee_07188,QA,51500
7189,Employee_07189,DevOps,105000
7190,Employee_07190,Product,112500
7191,Employee_07191,Engineering,117500
7192,Employee_07192,HR,48000
7193,Employee_07193,Finance,45000
7194,Employee_07194,Sales,49500
7195,Employee_07195,Marketing,61500
7196,Employee_07196,Support,70000
7197,Employee_07197,Operations,86500
7198,Employee_07198,QA,79000
7199,Employee_07199,DevOps,41000
7200,Employee_07200,Product,114500
7201,Employee_07201,Engineering,35500
7202,Employee_07202,HR,35500
7203,Employee_07203,Finance,67500
7204,Employee_07204,Sales,71000
7205,Employee_07205,Marketing,61000
7206,Employee_07206,Support,119000
7207,Employee_07207,Operations,88000
7208,Employee_07208,QA,99500
7209,Employee_07209,DevOps,56000
7210,Employee_07210,Product,110000
7211,Employee_07211,Engineering,52500
7212,Employee_07212,HR,91000
7213,Employee_07213,Finance,90500
7214,Employee_07214,Sales,86500
7215,Employee_07215,Marketing,48000
7216,Employee_07216,Support,33000
7217,Employee_07217,Operations,63000
7218,Employee_07218,QA,97500
7219,Employee_07219,DevOps,104000
7220,Employee_07220,Product,67000
7221,Employee_07221,Engineering,63500
7222,Employee_07222,HR,79500
7223,Employee_07223,Finance,35500
7224,Employee_07224,Sales,61500
7225,Employee_07225,Marketing,97500
7226,Employee_07226,Support,102000
7227,Employee_07227,Operations,64000
7228,Employee_07228,QA,60500
7229,Employee_07229,DevOps,49500
7230,Employee_07230,Product,60500
7231,Employee_07231,Engineering,118000
7232,Employee_07232,HR,84500
7233,Employee_07233,Finance,91500
7234,Employee_07234,Sales,113500
7235,Employee_07235,Marketing,86500
7236,Employee_07236,Support,107000
7237,Employee_07237,Operations,30500
7238,Employee_07238,QA,53000
7239,Employee_07239,DevOps,69500
7240,Employee_07240,Product,76000
7241,Employee_07241,Engineering,74000
7242,Employee_07242,HR,63500
7243,Employee_07243,Finance,55500
7244,Employee_07244,Sales,79000
7245,Employee_07245,Marketing,73500
7246,Employee_07246,Support,44000
7247,Employee_07247,Operations,63500
7248,Employee_07248,QA,59500
7249,Employee_07249,DevOps,52000
7250,Employee_07250,Product,64000
7251,Employee_07251,Engineering,65000
7252,Employee_07252,HR,42500
7253,Employee_07253,Finance,76500
7254,Employee_07254,Sales,59500
7255,Employee_07255,Marketing,78000
7256,Employee_07256,Support,55000
7257,Employee_07257,Operations,62500
7258,Employee_07258,QA,47000
7259,Employee_07259,DevOps,93000
7260,Employee_07260,Product,57000
7261,Employee_07261,Engineering,46500
7262,Employee_07262,HR,65500
7263,Employee_07263,Finance,33000
7264,Employee_07264,Sales,61000
7265,Employee_07265,Marketing,107000
7266,Employee_07266,Support,109000
7267,Employee_07267,Operations,90000
7268,Employee_07268,QA,105000
7269,Employee_07269,DevOps,73000
7270,Employee_07270,Product,82500
7271,Employee_07271,Engineering,75500
7272,Employee_07272,HR,36000
7273,Employee_07273,Finance,87500
7274,Employee_07274,Sales,98000
7275,Employee_07275,Marketing,90000
7276,Employee_07276,Support,34500
7277,Employee_07277,Operations,79000
7278,Employee_07278,QA,113000
7279,Employee_07279,DevOps,61000
7280,Employee_07280,Product,100500
7281,Employee_07281,Engineering,59500
7282,Employee_07282,HR,87500
7283,Employee_07283,Finance,30000
7284,Employee_07284,Sales,57500
7285,Employee_07285,Marketing,57500
7286,Employee_07286,Support,71000
7287,Employee_07287,Operations,45500
7288,Employee_07288,QA,54000
7289,Employee_07289,DevOps,83000
7290,Employee_07290,Product,58000
7291,Employee_07291,Engineering,34500
7292,Employee_07292,HR,105500
7293,Employee_07293,Finance,59500
7294,Employee_07294,Sales,34000
7295,Employee_07295,Marketing,43500
7296,Employee_07296,Support,108500
7297,Employee_07297,Operations,73500
7298,Employee_07298,QA,94500
7299,Employee_07299,DevOps,49000
7300,Employee_07300,Product,37000
7301,Employee_07301,Engineering,69000
7302,Employee_07302,HR,114500
7303,Employee_07303,Finance,107000
7304,Employee_07304,Sales,112000
7305,Employee_07305,Marketing,106500
7306,Employee_07306,Support,32000
7307,Employee_07307,Operations,46000
7308,Employee_07308,QA,82500
7309,Employee_07309,DevOps,40000
7310,Employee_07310,Product,61500
7311,Employee_07311,Engineering,81000
7312,Employee_07312,HR,106000
7313,Employee_07313,Finance,84000
7314,Employee_07314,Sales,99000
7315,Employee_07315,Marketing,117000
7316,Employee_07316,Support,48500
7317,Employee_07317,Operations,94000
7318,Employee_07318,QA,115500
7319,Employee_07319,DevOps,67000
7320,Employee_07320,Product,58500
7321,Employee_07321,Engineering,59000
7322,Employee_07322,HR,59500
7323,Employee_07323,Finance,97000
7324,Employee_07324,Sales,117500
7325,Employee_07325,Marketing,101000
7326,Employee_07326,Support,48500
7327,Employee_07327,Operations,66500
7328,Employee_07328,QA,91500
7329,Employee_07329,DevOps,59500
7330,Employee_07330,Product,69000
7331,Employee_07331,Engineering,120000
7332,Employee_07332,HR,33000
7333,Employee_07333,Finance,55000
7334,Employee_07334,Sales,102500
7335,Employee_07335,Marketing,75500
7336,Employee_07336,Support,107500
7337,Employee_07337,Operations,111000
7338,Employee_07338,QA,67000
7339,Employee_07339,DevOps,101000
7340,Employee_07340,Product,64000
7341,Employee_07341,Engineering,34500
7342,Employee_07342,HR,67500
7343,Employee_07343,Finance,78500
7344,Employee_07344,Sales,81500
7345,Employee_07345,Marketing,75000
7346,Employee_07346,Support,90500
7347,Employee_07347,Operations,33000
7348,Employee_07348,QA,64000
7349,Employee_07349,DevOps,82500
7350,Employee_07350,Product,35500
7351,Employee_07351,Engineering,63000
7352,Employee_07352,HR,88500
7353,Employee_07353,Finance,79000
7354,Employee_07354,Sales,74500
7355,Employee_07355,Marketing,51500
7356,Employee_07356,Support,95000
7357,Employee_07357,Operations,85500
7358,Employee_07358,QA,43000
7359,Employee_07359,DevOps,74000
7360,Employee_07360,Product,34000
7361,Employee_07361,Engineering,65000
7362,Employee_07362,HR,99500
7363,Employee_07363,Finance,72500
7364,Employee_07364,Sales,98000
7365,Employee_07365,Marketing,117000
7366,Employee_07366,Support,63000
7367,Employee_07367,Operations,43500
7368,Employee_07368,QA,87500
7369,Employee_07369,DevOps,42500
7370,Employee_07370,Product,99000
7371,Employee_07371,Engineering,55000
7372,Employee_07372,HR,100000
7373,Employee_07373,Finance,40000
7374,Employee_07374,Sales,44000
7375,Employee_07375,Marketing,98000
7376,Employee_07376,Support,102000
7377,Employee_07377,Operations,68500
7378,Employee_07378,QA,56500
7379,Employee_07379,DevOps,42500
7380,Employee_07380,Product,86500
7381,Employee_07381,Engineering,76000
7382,Employee_07382,HR,104000
7383,Employee_07383,Finance,39500
7384,Employee_07384,Sales,77000
7385,Employee_07385,Marketing,41500
7386,Employee_07386,Support,94500
7387,Employee_07387,Operations,102000
7388,Employee_07388,QA,91500
7389,Employee_07389,DevOps,89500
7390,Employee_07390,Product,38500
7391,Employee_07391,Engineering,65500
7392,Employee_07392,HR,92500
7393,Employee_07393,Finance,66500
7394,Employee_07394,Sales,52500
7395,Employee_07395,Marketing,72000
7396,Employee_07396,Support,40500
7397,Employee_07397,Operations,105500
7398,Employee_07398,QA,114500
7399,Employee_07399,DevOps,94000
7400,Employee_07400,Product,31500
7401,Employee_07401,Engineering,39500
7402,Employee_07402,HR,94500
7403,Employee_07403,Finance,103500
7404,Employee_07404,Sales,50500
7405,Employee_07405,Marketing,33500
7406,Employee_07406,Support,53500
7407,Employee_07407,Operations,73000
7408,Employee_07408,QA,111000
7409,Employee_07409,DevOps,117500
7410,Employee_07410,Product,95000
7411,Employee_07411,Engineering,95500
7412,Employee_07412,HR,96000
7413,Employee_07413,Finance,47500
7414,Employee_07414,Sales,62500
7415,Employee_07415,Marketing,87000
7416,Employee_07416,Support,66000
7417,Employee_07417,Operations,115000
7418,Employee_07418,QA,74000
7419,Employee_07419,DevOps,118500
7420,Employee_07420,Product,40000
7421,Employee_07421,Engineering,104500
7422,Employee_07422,HR,103500
7423,Employee_07423,Finance,87500
7424,Employee_07424,Sales,110500
7425,Employee_07425,Marketing,55000
7426,Employee_07426,Support,109000
7427,Employee_07427,Operations,96000
7428,Employee_07428,QA,49500
7429,Employee_07429,DevOps,96500
7430,Employee_07430,Product,69500
7431,Employee_07431,Engineering,42500
7432,Employee_07432,HR,112000
7433,Employee_07433,Finance,40500
7434,Employee_07434,Sales,31000
7435,Employee_07435,Marketing,103000
7436,Employee_07436,Support,51000
7437,Employee_07437,Operations,79000
7438,Employee_07438,QA,62000
7439,Employee_07439,DevOps,51000
7440,Employee_07440,Product,67500
7441,Employee_07441,Engineering,96000
7442,Employee_07442,HR,77000
7443,Employee_07443,Finance,46000
7444,Employee_07444,Sales,83500
7445,Employee_07445,Marketing,115500
7446,Employee_07446,Support,109500
7447,Employee_07447,Operations,98500
7448,Employee_07448,QA,96000
7449,Employee_07449,DevOps,35000
7450,Employee_07450,Product,60000
7451,Employee_07451,Engineering,88500
7452,Employee_07452,HR,80000
7453,Employee_07453,Finance,108000
7454,Employee_07454,Sales,44000
7455,Employee_07455,Marketing,98500
7456,Employee_07456,Support,80000
7457,Employee_07457,Operations,69000
7458,Employee_07458,QA,81000
7459,Employee_07459,DevOps,33000
7460,Employee_07460,Product,96000
7461,Employee_07461,Engineering,32000
7462,Employee_07462,HR,53000
7463,Employee_07463,Finance,115000
7464,Employee_07464,Sales,87000
7465,Employee_07465,Marketing,33500
7466,Employee_07466,Support,97500
7467,Employee_07467,Operations,114500
7468,Employee_07468,QA,76000
7469,Employee_07469,DevOps,39000
7470,Employee_07470,Product,43500
7471,Employee_07471,Engineering,38500
7472,Employee_07472,HR,106000
7473,Employee_07473,Finance,64000
7474,Employee_07474,Sales,50500
7475,Employee_07475,Marketing,42500
7476,Employee_07476,Support,92500
7477,Employee_07477,Operations,93000
7478,Employee_07478,QA,34000
7479,Employee_07479,DevOps,40500
7480,Employee_07480,Product,119500
7481,Employee_07481,Engineering,81000
7482,Employee_07482,HR,84000
7483,Employee_07483,Finance,57500
7484,Employee_07484,Sales,91500
7485,Employee_07485,Marketing,80000
7486,Employee_07486,Support,59000
7487,Employee_07487,Operations,62000
7488,Employee_07488,QA,85000
7489,Employee_07489,DevOps,33500
7490,Employee_07490,Product,119500
7491,Employee_07491,Engineering,105000
7492,Employee_07492,HR,97500
7493,Employee_07493,Finance,91500
7494,Employee_07494,Sales,110000
7495,Employee_07495,Marketing,77000
7496,Employee_07496,Support,73000
7497,Employee_07497,Operations,41500
7498,Employee_07498,QA,103000
7499,Employee_07499,DevOps,53500
7500,Employee_07500,Product,83500
7501,Employee_07501,Engineering,68000
7502,Employee_07502,HR,96000
7503,Employee_07503,Finance,65500
7504,Employee_07504,Sales,88000
7505,Employee_07505,Marketing,63500
7506,Employee_07506,Support,82500
7507,Employee_07507,Operations,92000
7508,Employee_07508,QA,59500
7509,Employee_07509,DevOps,110500
7510,Employee_07510,Product,74500
7511,Employee_07511,Engineering,30000
7512,Employee_07512,HR,87000
7513,Employee_07513,Finance,105500
7514,Employee_07514,Sales,45500
7515,Employee_07515,Marketing,60500
7516,Employee_07516,Support,98000
7517,Employee_07517,Operations,99000
7518,Employee_07518,QA,102500
7519,Employee_07519,DevOps,68500
7520,Employee_07520,Product,49500
7521,Employee_07521,Engineering,37000
7522,Employee_07522,HR,104000
7523,Employee_07523,Finance,85500
7524,Employee_07524,Sales,93500
7525,Employee_07525,Marketing,34000
7526,Employee_07526,Support,87500
7527,Employee_07527,Operations,86500
7528,Employee_07528,QA,97500
7529,Employee_07529,DevOps,55500
7530,Employee_07530,Product,74500
7531,Employee_07531,Engineering,58500
7532,Employee_07532,HR,60500
7533,Employee_07533,Finance,38000
7534,Employee_07534,Sales,116000
7535,Employee_07535,Marketing,65500
7536,Employee_07536,Support,96000
7537,Employee_07537,Operations,97000
7538,Employee_07538,QA,119500
7539,Employee_07539,DevOps,87500
7540,Employee_07540,Product,88000
7541,Employee_07541,Engineering,41000
7542,Employee_07542,HR,74500
7543,Employee_07543,Finance,104000
7544,Employee_07544,Sales,84000
7545,Employee_07545,Marketing,76000
7546,Employee_07546,Support,106500
7547,Employee_07547,Operations,85000
7548,Employee_07548,QA,96000
7549,Employee_07549,DevOps,87500
7550,Employee_07550,Product,69000
7551,Employee_07551,Engineering,61000
7552,Employee_07552,HR,116000
7553,Employee_07553,Finance,64500
7554,Employee_07554,Sales,69000
7555,Employee_07555,Marketing,77500
7556,Employee_07556,Support,109000
7557,Employee_07557,Operations,81500
7558,Employee_07558,QA,39500
7559,Employee_07559,DevOps,70500
7560,Employee_07560,Product,99000
7561,Employee_07561,Engineering,103500
7562,Employee_07562,HR,71500
7563,Employee_07563,Finance,40000
7564,Employee_07564,Sales,101000
7565,Employee_07565,Marketing,82000
7566,Employee_07566,Support,76000
7567,Employee_07567,Operations,61000
7568,Employee_07568,QA,52000
7569,Employee_07569,DevOps,42000
7570,Employee_07570,Product,116000
7571,Employee_07571,Engineering,85000
7572,Employee_07572,HR,85000
7573,Employee_07573,Finance,41000
7574,Employee_07574,Sales,56500
7575,Employee_07575,Marketing,61500
7576,Employee_07576,Support,88500
7577,Employee_07577,Operations,92000
7578,Employee_07578,QA,45500
7579,Employee_07579,DevOps,47500
7580,Employee_07580,Product,33500
7581,Employee_07581,Engineering,74000
7582,Employee_07582,HR,55500
7583,Employee_07583,Finance,55000
7584,Employee_07584,Sales,57500
7585,Employee_07585,Marketing,98000
7586,Employee_07586,Support,57500
7587,Employee_07587,Operations,104000
7588,Employee_07588,QA,92000
7589,Employee_07589,DevOps,104500
7590,Employee_07590,Product,95000
7591,Employee_07591,Engineering,94500
7592,Employee_07592,HR,30000
7593,Employee_07593,Finance,88500
7594,Employee_07594,Sales,62000
7595,Employee_07595,Marketing,94000
7596,Employee_07596,Support,48500
7597,Employee_07597,Operations,92500
7598,Employee_07598,QA,102500
7599,Employee_07599,DevOps,54000
7600,Employee_07600,Product,119500
7601,Employee_07601,Engineering,46000
7602,Employee_07602,HR,54500
7603,Employee_07603,Finance,39500
7604,Employee_07604,Sales,112500
7605,Employee_07605,Marketing,98500
7606,Employee_07606,Support,112000
7607,Employee_07607,Operations,106500
7608,Employee_07608,QA,47500
7609,Employee_07609,DevOps,78000
7610,Employee_07610,Product,90000
7611,Employee_07611,Engineering,76000
7612,Employee_07612,HR,74000
7613,Employee_07613,Finance,41500
7614,Employee_07614,Sales,103000
7615,Employee_07615,Marketing,76500
7616,Employee_07616,Support,112500
7617,Employee_07617,Operations,46500
7618,Employee_07618,QA,116500
7619,Employee_07619,DevOps,109000
7620,Employee_07620,Product,71000
7621,Employee_07621,Engineering,75000
7622,Employee_07622,HR,91000
7623,Employee_07623,Finance,82500
7624,Employee_07624,Sales,65000
7625,Employee_07625,Marketing,97500
7626,Employee_07626,Support,60000
7627,Employee_07627,Operations,43000
7628,Employee_07628,QA,56000
7629,Employee_07629,DevOps,70000
7630,Employee_07630,Product,33000
7631,Employee_07631,Engineering,32500
7632,Employee_07632,HR,40000
7633,Employee_07633,Finance,49500
7634,Employee_07634,Sales,115500
7635,Employee_07635,Marketing,31000
7636,Employee_07636,Support,55000
7637,Employee_07637,Operations,86000
7638,Employee_07638,QA,110500
7639,Employee_07639,DevOps,112000
7640,Employee_07640,Product,104000
7641,Employee_07641,Engineering,51000
7642,Employee_07642,HR,68000
7643,Employee_07643,Finance,119000
7644,Employee_07644,Sales,100000
7645,Employee_07645,Marketing,45000
7646,Employee_07646,Support,93000
7647,Employee_07647,Operations,88000
7648,Employee_07648,QA,78500
7649,Employee_07649,DevOps,51000
7650,Employee_07650,Product,78500
7651,Employee_07651,Engineering,38500
7652,Employee_07652,HR,84500
7653,Employee_07653,Finance,100500
7654,Employee_07654,Sales,58500
7655,Employee_07655,Marketing,83500
7656,Employee_07656,Support,34500
7657,Employee_07657,Operations,92000
7658,Employee_07658,QA,111500
7659,Employee_07659,DevOps,43000
7660,Employee_07660,Product,62000
7661,Employee_07661,Engineering,101500
7662,Employee_07662,HR,89500
7663,Employee_07663,Finance,74500
7664,Employee_07664,Sales,81500
7665,Employee_07665,Marketing,63500
7666,Employee_07666,Support,59000
7667,Employee_07667,Operations,42000
7668,Employee_07668,QA,89500
7669,Employee_07669,DevOps,92000
7670,Employee_07670,Product,71000
7671,Employee_07671,Engineering,57000
7672,Employee_07672,HR,69000
7673,Employee_07673,Finance,74000
7674,Employee_07674,Sales,36500
7675,Employee_07675,Marketing,79000
7676,Employee_07676,Support,61000
7677,Employee_07677,Operations,116000
7678,Employee_07678,QA,99500
7679,Employee_07679,DevOps,76500
7680,Employee_07680,Product,81000
7681,Employee_07681,Engineering,109000
7682,Employee_07682,HR,83500
7683,Employee_07683,Finance,45000
7684,Employee_07684,Sales,119000
7685,Employee_07685,Marketing,76000
7686,Employee_07686,Support,35000
7687,Employee_07687,Operations,44500
7688,Employee_07688,QA,39000
7689,Employee_07689,DevOps,84500
7690,Employee_07690,Product,78500
7691,Employee_07691,Engineering,48500
7692,Employee_07692,HR,34500
7693,Employee_07693,Finance,115500
7694,Employee_07694,Sales,51000
7695,Employee_07695,Marketing,65500
7696,Employee_07696,Support,40500
7697,Employee_07697,Operations,91500
7698,Employee_07698,QA,87500
7699,Employee_07699,DevOps,31500
7700,Employee_07700,Product,92500
7701,Employee_07701,Engineering,89000
7702,Employee_07702,HR,89500
7703,Employee_07703,Finance,79000
7704,Employee_07704,Sales,36000
7705,Employee_07705,Marketing,115500
7706,Employee_07706,Support,118000
7707,Employee_07707,Operations,115000
7708,Employee_07708,QA,58500
7709,Employee_07709,DevOps,58500
7710,Employee_07710,Product,60500
7711,Employee_07711,Engineering,46000
7712,Employee_07712,HR,117000
7713,Employee_07713,Finance,67000
7714,Employee_07714,Sales,55000
7715,Employee_07715,Marketing,101000
7716,Employee_07716,Support,60500
7717,Employee_07717,Operations,37500
7718,Employee_07718,QA,36000
7719,Employee_07719,DevOps,103500
7720,Employee_07720,Product,73500
7721,Employee_07721,Engineering,89000
7722,Employee_07722,HR,48500
7723,Employee_07723,Finance,99000
7724,Employee_07724,Sales,105500
7725,Employee_07725,Marketing,65500
7726,Employee_07726,Support,75500
7727,Employee_07727,Operations,50500
7728,Employee_07728,QA,104500
7729,Employee_07729,DevOps,64000
7730,Employee_07730,Product,100500
7731,Employee_07731,Engineering,85000
7732,Employee_07732,HR,102000
7733,Employee_07733,Finance,53500
7734,Employee_07734,Sales,88000
7735,Employee_07735,Marketing,91000
7736,Employee_07736,Support,66500
7737,Employee_07737,Operations,98000
7738,Employee_07738,QA,81000
7739,Employee_07739,DevOps,84500
7740,Employee_07740,Product,72500
7741,Employee_07741,Engineering,74500
7742,Employee_07742,HR,43500
7743,Employee_07743,Finance,84500
7744,Employee_07744,Sales,42500
7745,Employee_07745,Marketing,81000
7746,Employee_07746,Support,102000
7747,Employee_07747,Operations,88500
7748,Employee_07748,QA,52000
7749,Employee_07749,DevOps,109500
7750,Employee_07750,Product,68500
7751,Employee_07751,Engineering,111000
7752,Employee_07752,HR,59000
7753,Employee_07753,Finance,86500
7754,Employee_07754,Sales,117000
7755,Employee_07755,Marketing,101000
7756,Employee_07756,Support,93000
7757,Employee_07757,Operations,66000
7758,Employee_07758,QA,81500
7759,Employee_07759,DevOps,36500
7760,Employee_07760,Product,37000
7761,Employee_07761,Engineering,78500
7762,Employee_07762,HR,76500
7763,Employee_07763,Finance,63000
7764,Employee_07764,Sales,65500
7765,Employee_07765,Marketing,98000
7766,Employee_07766,Support,65000
7767,Employee_07767,Operations,54500
7768,Employee_07768,QA,72000
7769,Employee_07769,DevOps,118000
7770,Employee_07770,Product,120000
7771,Employee_07771,Engineering,87500
7772,Employee_07772,HR,59500
7773,Employee_07773,Finance,31000
7774,Employee_07774,Sales,83000
7775,Employee_07775,Marketing,54000
7776,Employee_07776,Support,97500
7777,Employee_07777,Operations,116000
7778,Employee_07778,QA,62500
7779,Employee_07779,DevOps,75000
7780,Employee_07780,Product,57000
7781,Employee_07781,Engineering,75000
7782,Employee_07782,HR,83500
7783,Employee_07783,Finance,118500
7784,Employee_07784,Sales,106500
7785,Employee_07785,Marketing,86500
7786,Employee_07786,Support,114500
7787,Employee_07787,Operations,77500
7788,Employee_07788,QA,42500
7789,Employee_07789,DevOps,64500
7790,Employee_07790,Product,49500
7791,Employee_07791,Engineering,95500
7792,Employee_07792,HR,34500
7793,Employee_07793,Finance,100000
7794,Employee_07794,Sales,106000
7795,Employee_07795,Marketing,49500
7796,Employee_07796,Support,54500
7797,Employee_07797,Operations,81000
7798,Employee_07798,QA,103500
7799,Employee_07799,DevOps,68000
7800,Employee_07800,Product,105500
7801,Employee_07801,Engineering,71000
7802,Employee_07802,HR,112500
7803,Employee_07803,Finance,57000
7804,Employee_07804,Sales,118000
7805,Employee_07805,Marketing,95000
7806,Employee_07806,Support,48500
7807,Employee_07807,Operations,57500
7808,Employee_07808,QA,91000
7809,Employee_07809,DevOps,55500
7810,Employee_07810,Product,64500
7811,Employee_07811,Engineering,115000
7812,Employee_07812,HR,47500
7813,Employee_07813,Finance,51500
7814,Employee_07814,Sales,43000
7815,Employee_07815,Marketing,112000
7816,Employee_07816,Support,80500
7817,Employee_07817,Operations,52500
7818,Employee_07818,QA,76000
7819,Employee_07819,DevOps,73000
7820,Employee_07820,Product,43500
7821,Employee_07821,Engineering,98000
7822,Employee_07822,HR,30000
7823,Employee_07823,Finance,115500
7824,Employee_07824,Sales,85500
7825,Employee_07825,Marketing,48000
7826,Employee_07826,Support,81000
7827,Employee_07827,Operations,109000
7828,Employee_07828,QA,76500
7829,Employee_07829,DevOps,103500
7830,Employee_07830,Product,94500
7831,Employee_07831,Engineering,114500
7832,Employee_07832,HR,37500
7833,Employee_07833,Finance,53500
7834,Employee_07834,Sales,69000
7835,Employee_07835,Marketing,106000
7836,Employee_07836,Support,79500
7837,Employee_07837,Operations,66000
7838,Employee_07838,QA,115000
7839,Employee_07839,DevOps,74500
7840,Employee_07840,Product,82000
7841,Employee_07841,Engineering,82000
7842,Employee_07842,HR,39500
7843,Employee_07843,Finance,86000
7844,Employee_07844,Sales,61000
7845,Employee_07845,Marketing,70000
7846,Employee_07846,Support,87500
7847,Employee_07847,Operations,96000
7848,Employee_07848,QA,47000
7849,Employee_07849,DevOps,93000
7850,Employee_07850,Product,53000
7851,Employee_07851,Engineering,86500
7852,Employee_07852,HR,61000
7853,Employee_07853,Finance,43000
7854,Employee_07854,Sales,60500
7855,Employee_07855,Marketing,48500
7856,Employee_07856,Support,56000
7857,Employee_07857,Operations,113500
7858,Employee_07858,QA,56000
7859,Employee_07859,DevOps,72000
7860,Employee_07860,Product,34000
7861,Employee_07861,Engineering,94500
7862,Employee_07862,HR,116500
7863,Employee_07863,Finance,30500
7864,Employee_07864,Sales,108500
7865,Employee_07865,Marketing,79000
7866,Employee_07866,Support,88500
7867,Employee_07867,Operations,70000
7868,Employee_07868,QA,51500
7869,Employee_07869,DevOps,78500
7870,Employee_07870,Product,43000
7871,Employee_07871,Engineering,117500
7872,Employee_07872,HR,95500
7873,Employee_07873,Finance,114500
7874,Employee_07874,Sales,43500
7875,Employee_07875,Marketing,80000
7876,Employee_07876,Support,92500
7877,Employee_07877,Operations,120000
7878,Employee_07878,QA,49000
7879,Employee_07879,DevOps,59000
7880,Employee_07880,Product,109000
7881,Employee_07881,Engineering,119000
7882,Employee_07882,HR,96000
7883,Employee_07883,Finance,96500
7884,Employee_07884,Sales,44000
7885,Employee_07885,Marketing,102000
7886,Employee_07886,Support,48500
7887,Employee_07887,Operations,91500
7888,Employee_07888,QA,45000
7889,Employee_07889,DevOps,104500
7890,Employee_07890,Product,80000
7891,Employee_07891,Engineering,49500
7892,Employee_07892,HR,118000
7893,Employee_07893,Finance,117500
7894,Employee_07894,Sales,86000
7895,Employee_07895,Marketing,56000
7896,Employee_07896,Support,105500
7897,Employee_07897,Operations,103000
7898,Employee_07898,QA,106500
7899,Employee_07899,DevOps,69500
7900,Employee_07900,Product,92500
7901,Employee_07901,Engineering,96500
7902,Employee_07902,HR,74500
7903,Employee_07903,Finance,96000
7904,Employee_07904,Sales,76500
7905,Employee_07905,Marketing,36500
7906,Employee_07906,Support,38000
7907,Employee_07907,Operations,54000
7908,Employee_07908,QA,107500
7909,Employee_07909,DevOps,119000
7910,Employee_07910,Product,52000
7911,Employee_07911,Engineering,82500
7912,Employee_07912,HR,50500
7913,Employee_07913,Finance,71000
7914,Employee_07914,Sales,53000
7915,Employee_07915,Marketing,82500
7916,Employee_07916,Support,67000
7917,Employee_07917,Operations,32500
7918,Employee_07918,QA,79000
7919,Employee_07919,DevOps,42000
7920,Employee_07920,Product,90000
7921,Employee_07921,Engineering,86000
7922,Employee_07922,HR,68000
7923,Employee_07923,Finance,50500
7924,Employee_07924,Sales,66500
7925,Employee_07925,Marketing,56000
7926,Employee_07926,Support,47500
7927,Employee_07927,Operations,65500
7928,Employee_07928,QA,53000
7929,Employee_07929,DevOps,107000
7930,Employee_07930,Product,67000
7931,Employee_07931,Engineering,92000
7932,Employee_07932,HR,70500
7933,Employee_07933,Finance,59500
7934,Employee_07934,Sales,63000
7935,Employee_07935,Marketing,91500
7936,Employee_07936,Support,76500
7937,Employee_07937,Operations,96000
7938,Employee_07938,QA,78500
7939,Employee_07939,DevOps,62500
7940,Employee_07940,Product,37000
7941,Employee_07941,Engineering,56500
7942,Employee_07942,HR,87500
7943,Employee_07943,Finance,52000
7944,Employee_07944,Sales,32500
7945,Employee_07945,Marketing,70500
7946,Employee_07946,Support,47000
7947,Employee_07947,Operations,64000
7948,Employee_07948,QA,63500
7949,Employee_07949,DevOps,44500
7950,Employee_07950,Product,113000
7951,Employee_07951,Engineering,48500
7952,Employee_07952,HR,37500
7953,Employee_07953,Finance,90500
7954,Employee_07954,Sales,106000
7955,Employee_07955,Marketing,106000
7956,Employee_07956,Support,46000
7957,Employee_07957,Operations,62000
7958,Employee_07958,QA,103500
7959,Employee_07959,DevOps,76500
7960,Employee_07960,Product,108500
7961,Employee_07961,Engineering,39500
7962,Employee_07962,HR,68000
7963,Employee_07963,Finance,106000
7964,Employee_07964,Sales,59500
7965,Employee_07965,Marketing,73000
7966,Employee_07966,Support,93500
7967,Employee_07967,Operations,49000
7968,Employee_07968,QA,80500
7969,Employee_07969,DevOps,74000
7970,Employee_07970,Product,50000
7971,Employee_07971,Engineering,107000
7972,Employee_07972,HR,103000
7973,Employee_07973,Finance,80500
7974,Employee_07974,Sales,114500
7975,Employee_07975,Marketing,88000
7976,Employee_07976,Support,107500
7977,Employee_07977,Operations,88000
7978,Employee_07978,QA,57500
7979,Employee_07979,DevOps,53000
7980,Employee_07980,Product,112500
7981,Employee_07981,Engineering,94000
7982,Employee_07982,HR,76000
7983,Employee_07983,Finance,78500
7984,Employee_07984,Sales,81500
7985,Employee_07985,Marketing,43000
7986,Employee_07986,Support,118500
7987,Employee_07987,Operations,93000
7988,Employee_07988,QA,69000
7989,Employee_07989,DevOps,117000
7990,Employee_07990,Product,53000
7991,Employee_07991,Engineering,55000
7992,Employee_07992,HR,99500
7993,Employee_07993,Finance,105500
7994,Employee_07994,Sales,36000
7995,Employee_07995,Marketing,114500
7996,Employee_07996,Support,87500
7997,Employee_07997,Operations,43500
7998,Employee_07998,QA,72500
7999,Employee_07999,DevOps,90500
8000,Employee_08000,Product,66000
8001,Employee_08001,Engineering,86000
8002,Employee_08002,HR,108000
8003,Employee_08003,Finance,51000
8004,Employee_08004,Sales,31500
8005,Employee_08005,Marketing,46500
8006,Employee_08006,Support,47000
8007,Employee_08007,Operations,116500
8008,Employee_08008,QA,96500
8009,Employee_08009,DevOps,47500
8010,Employee_08010,Product,63500
8011,Employee_08011,Engineering,100500
8012,Employee_08012,HR,38500
8013,Employee_08013,Finance,40500
8014,Employee_08014,Sales,101000
8015,Employee_08015,Marketing,56500
8016,Employee_08016,Support,118000
8017,Employee_08017,Operations,59000
8018,Employee_08018,QA,69500
8019,Employee_08019,DevOps,99000
8020,Employee_08020,Product,94500
8021,Employee_08021,Engineering,51000
8022,Employee_08022,HR,56500
8023,Employee_08023,Finance,102500
8024,Employee_08024,Sales,97500
8025,Employee_08025,Marketing,67000
8026,Employee_08026,Support,117000
8027,Employee_08027,Operations,57000
8028,Employee_08028,QA,114000
8029,Employee_08029,DevOps,93000
8030,Employee_08030,Product,87000
8031,Employee_08031,Engineering,89000
8032,Employee_08032,HR,32500
8033,Employee_08033,Finance,97000
8034,Employee_08034,Sales,82500
8035,Employee_08035,Marketing,65000
8036,Employee_08036,Support,42000
8037,Employee_08037,Operations,100000
8038,Employee_08038,QA,55500
8039,Employee_08039,DevOps,120000
8040,Employee_08040,Product,40500
8041,Employee_08041,Engineering,33000
8042,Employee_08042,HR,52500
8043,Employee_08043,Finance,82500
8044,Employee_08044,Sales,64500
8045,Employee_08045,Marketing,54500
8046,Employee_08046,Support,93000
8047,Employee_08047,Operations,72500
8048,Employee_08048,QA,60000
8049,Employee_08049,DevOps,113500
8050,Employee_08050,Product,98500
8051,Employee_08051,Engineering,64500
8052,Employee_08052,HR,74000
8053,Employee_08053,Finance,89000
8054,Employee_08054,Sales,105000
8055,Employee_08055,Marketing,71500
8056,Employee_08056,Support,39000
8057,Employee_08057,Operations,85500
8058,Employee_08058,QA,49500
8059,Employee_08059,DevOps,41500
8060,Employee_08060,Product,50000
8061,Employee_08061,Engineering,46500
8062,Employee_08062,HR,40500
8063,Employee_08063,Finance,115500
8064,Employee_08064,Sales,67500
8065,Employee_08065,Marketing,41500
8066,Employee_08066,Support,30500
8067,Employee_08067,Operations,45000
8068,Employee_08068,QA,99000
8069,Employee_08069,DevOps,46500
8070,Employee_08070,Product,69000
8071,Employee_08071,Engineering,30000
8072,Employee_08072,HR,54500
8073,Employee_08073,Finance,74000
8074,Employee_08074,Sales,80000
8075,Employee_08075,Marketing,96500
8076,Employee_08076,Support,91500
8077,Employee_08077,Operations,56500
8078,Employee_08078,QA,120000
8079,Employee_08079,DevOps,84000
8080,Employee_08080,Product,94500
8081,Employee_08081,Engineering,40000
8082,Employee_08082,HR,70500
8083,Employee_08083,Finance,66000
8084,Employee_08084,Sales,76000
8085,Employee_08085,Marketing,73500
8086,Employee_08086,Support,101000
8087,Employee_08087,Operations,111500
8088,Employee_08088,QA,58500
8089,Employee_08089,DevOps,31000
8090,Employee_08090,Product,112000
8091,Employee_08091,Engineering,78000
8092,Employee_08092,HR,114000
8093,Employee_08093,Finance,78000
8094,Employee_08094,Sales,45000
8095,Employee_08095,Marketing,62000
8096,Employee_08096,Support,66000
8097,Employee_08097,Operations,83000
8098,Employee_08098,QA,92500
8099,Employee_08099,DevOps,84500
8100,Employee_08100,Product,73000
8101,Employee_08101,Engineering,99000
8102,Employee_08102,HR,97000
8103,Employee_08103,Finance,46000
8104,Employee_08104,Sales,39000
8105,Employee_08105,Marketing,36500
8106,Employee_08106,Support,59500
8107,Employee_08107,Operations,100000
8108,Employee_08108,QA,88000
8109,Employee_08109,DevOps,118000
8110,Employee_08110,Product,36500
8111,Employee_08111,Engineering,88500
8112,Employee_08112,HR,102000
8113,Employee_08113,Finance,92000
8114,Employee_08114,Sales,54500
8115,Employee_08115,Marketing,69000
8116,Employee_08116,Support,89000
8117,Employee_08117,Operations,41500
8118,Employee_08118,QA,108000
8119,Employee_08119,DevOps,69000
8120,Employee_08120,Product,62000
8121,Employee_08121,Engineering,62000
8122,Employee_08122,HR,37500
8123,Employee_08123,Finance,38500
8124,Employee_08124,Sales,52000
8125,Employee_08125,Marketing,106500
8126,Employee_08126,Support,75500
8127,Employee_08127,Operations,62000
8128,Employee_08128,QA,81000
8129,Employee_08129,DevOps,43500
8130,Employee_08130,Product,31000
8131,Employee_08131,Engineering,76000
8132,Employee_08132,HR,50500
8133,Employee_08133,Finance,53500
8134,Employee_08134,Sales,72500
8135,Employee_08135,Marketing,47500
8136,Employee_08136,Support,72000
8137,Employee_08137,Operations,113000
8138,Employee_08138,QA,109500
8139,Employee_08139,DevOps,101500
8140,Employee_08140,Product,117500
8141,Employee_08141,Engineering,73000
8142,Employee_08142,HR,103000
8143,Employee_08143,Finance,75500
8144,Employee_08144,Sales,34500
8145,Employee_08145,Marketing,69000
8146,Employee_08146,Support,116000
8147,Employee_08147,Operations,119000
8148,Employee_08148,QA,85000
8149,Employee_08149,DevOps,101500
8150,Employee_08150,Product,57500
8151,Employee_08151,Engineering,112000
8152,Employee_08152,HR,82500
8153,Employee_08153,Finance,69500
8154,Employee_08154,Sales,107500
8155,Employee_08155,Marketing,40000
8156,Employee_08156,Support,67000
8157,Employee_08157,Operations,45000
8158,Employee_08158,QA,98500
8159,Employee_08159,DevOps,77500
8160,Employee_08160,Product,54000
8161,Employee_08161,Engineering,89000
8162,Employee_08162,HR,36500
8163,Employee_08163,Finance,77000
8164,Employee_08164,Sales,97500
8165,Employee_08165,Marketing,84000
8166,Employee_08166,Support,100500
8167,Employee_08167,Operations,107500
8168,Employee_08168,QA,71500
8169,Employee_08169,DevOps,93500
8170,Employee_08170,Product,87500
8171,Employee_08171,Engineering,114000
8172,Employee_08172,HR,57500
8173,Employee_08173,Finance,57500
8174,Employee_08174,Sales,55500
8175,Employee_08175,Marketing,119500
8176,Employee_08176,Support,45000
8177,Employee_08177,Operations,74000
8178,Employee_08178,QA,32000
8179,Employee_08179,DevOps,110000
8180,Employee_08180,Product,100000
8181,Employee_08181,Engineering,57000
8182,Employee_08182,HR,60000
8183,Employee_08183,Finance,72000
8184,Employee_08184,Sales,86500
8185,Employee_08185,Marketing,73000
8186,Employee_08186,Support,32500
8187,Employee_08187,Operations,40000
8188,Employee_08188,QA,32000
8189,Employee_08189,DevOps,57500
8190,Employee_08190,Product,104500
8191,Employee_08191,Engineering,68500
8192,Employee_08192,HR,96500
8193,Employee_08193,Finance,78000
8194,Employee_08194,Sales,103500
8195,Employee_08195,Marketing,65500
8196,Employee_08196,Support,31500
8197,Employee_08197,Operations,71500
8198,Employee_08198,QA,108000
8199,Employee_08199,DevOps,64000
8200,Employee_08200,Product,34500
8201,Employee_08201,Engineering,78000
8202,Employee_08202,HR,76500
8203,Employee_08203,Finance,40000
8204,Employee_08204,Sales,50500
8205,Employee_08205,Marketing,70500
8206,Employee_08206,Support,91500
8207,Employee_08207,Operations,79000
8208,Employee_08208,QA,91500
8209,Employee_08209,DevOps,67000
8210,Employee_08210,Product,41500
8211,Employee_08211,Engineering,57500
8212,Employee_08212,HR,110500
8213,Employee_08213,Finance,92000
8214,Employee_08214,Sales,70500
8215,Employee_08215,Marketing,115000
8216,Employee_08216,Support,58000
8217,Employee_08217,Operations,106500
8218,Employee_08218,QA,51500
8219,Employee_08219,DevOps,42000
8220,Employee_08220,Product,106000
8221,Employee_08221,Engineering,68500
8222,Employee_08222,HR,98500
8223,Employee_08223,Finance,117500
8224,Employee_08224,Sales,38000
8225,Employee_08225,Marketing,40500
8226,Employee_08226,Support,104000
8227,Employee_08227,Operations,118000
8228,Employee_08228,QA,39000
8229,Employee_08229,DevOps,45500
8230,Employee_08230,Product,92500
8231,Employee_08231,Engineering,32500
8232,Employee_08232,HR,57500
8233,Employee_08233,Finance,42000
8234,Employee_08234,Sales,52500
8235,Employee_08235,Marketing,82500
8236,Employee_08236,Support,45000
8237,Employee_08237,Operations,105500
8238,Employee_08238,QA,60000
8239,Employee_08239,DevOps,105000
8240,Employee_08240,Product,39000
8241,Employee_08241,Engineering,112500
8242,Employee_08242,HR,78000
8243,Employee_08243,Finance,82500
8244,Employee_08244,Sales,50000
8245,Employee_08245,Marketing,118500
8246,Employee_08246,Support,93500
8247,Employee_08247,Operations,66500
8248,Employee_08248,QA,34000
8249,Employee_08249,DevOps,39000
8250,Employee_08250,Product,39000
8251,Employee_08251,Engineering,110500
8252,Employee_08252,HR,67000
8253,Employee_08253,Finance,97000
8254,Employee_08254,Sales,110000
8255,Employee_08255,Marketing,30500
8256,Employee_08256,Support,40000
8257,Employee_08257,Operations,103000
8258,Employee_08258,QA,48000
8259,Employee_08259,DevOps,91500
8260,Employee_08260,Product,42500
8261,Employee_08261,Engineering,101500
8262,Employee_08262,HR,116500
8263,Employee_08263,Finance,52000
8264,Employee_08264,Sales,58500
8265,Employee_08265,Marketing,36500
8266,Employee_08266,Support,107000
8267,Employee_08267,Operations,69000
8268,Employee_08268,QA,86500
8269,Employee_08269,DevOps,39500
8270,Employee_08270,Product,72500
8271,Employee_08271,Engineering,72000
8272,Employee_08272,HR,91000
8273,Employee_08273,Finance,106500
8274,Employee_08274,Sales,53000
8275,Employee_08275,Marketing,98000
8276,Employee_08276,Support,86500
8277,Employee_08277,Operations,48500
8278,Employee_08278,QA,75000
8279,Employee_08279,DevOps,56000
8280,Employee_08280,Product,31500
8281,Employee_08281,Engineering,102000
8282,Employee_08282,HR,97500
8283,Employee_08283,Finance,89500
8284,Employee_08284,Sales,58500
8285,Employee_08285,Marketing,108500
8286,Employee_08286,Support,67500
8287,Employee_08287,Operations,76000
8288,Employee_08288,QA,84500
8289,Employee_08289,DevOps,90500
8290,Employee_08290,Product,41500
8291,Employee_08291,Engineering,88500
8292,Employee_08292,HR,63000
8293,Employee_08293,Finance,56000
8294,Employee_08294,Sales,65000
8295,Employee_08295,Marketing,81000
8296,Employee_08296,Support,98000
8297,Employee_08297,Operations,41500
8298,Employee_08298,QA,119500
8299,Employee_08299,DevOps,43500
8300,Employee_08300,Product,86000
8301,Employee_08301,Engineering,35000
8302,Employee_08302,HR,110500
8303,Employee_08303,Finance,98000
8304,Employee_08304,Sales,73000
8305,Employee_08305,Marketing,79500
8306,Employee_08306,Support,80000
8307,Employee_08307,Operations,120000
8308,Employee_08308,QA,60500
8309,Employee_08309,DevOps,112500
8310,Employee_08310,Product,78000
8311,Employee_08311,Engineering,52500
8312,Employee_08312,HR,51000
8313,Employee_08313,Finance,109000
8314,Employee_08314,Sales,38000
8315,Employee_08315,Marketing,38000
8316,Employee_08316,Support,73500
8317,Employee_08317,Operations,43500
8318,Employee_08318,QA,51500
8319,Employee_08319,DevOps,72500
8320,Employee_08320,Product,49500
8321,Employee_08321,Engineering,103000
8322,Employee_08322,HR,56500
8323,Employee_08323,Finance,119000
8324,Employee_08324,Sales,70500
8325,Employee_08325,Marketing,43000
8326,Employee_08326,Support,54000
8327,Employee_08327,Operations,59000
8328,Employee_08328,QA,59000
8329,Employee_08329,DevOps,118000
8330,Employee_08330,Product,54500
8331,Employee_08331,Engineering,66000
8332,Employee_08332,HR,80000
8333,Employee_08333,Finance,116500
8334,Employee_08334,Sales,118500
8335,Employee_08335,Marketing,94000
8336,Employee_08336,Support,117500
8337,Employee_08337,Operations,93000
8338,Employee_08338,QA,106500
8339,Employee_08339,DevOps,36000
8340,Employee_08340,Product,78500
8341,Employee_08341,Engineering,103000
8342,Employee_08342,HR,105500
8343,Employee_08343,Finance,30500
8344,Employee_08344,Sales,54500
8345,Employee_08345,Marketing,53000
8346,Employee_08346,Support,106000
8347,Employee_08347,Operations,103000
8348,Employee_08348,QA,110000
8349,Employee_08349,DevOps,62000
8350,Employee_08350,Product,104500
8351,Employee_08351,Engineering,32000
8352,Employee_08352,HR,54000
8353,Employee_08353,Finance,69000
8354,Employee_08354,Sales,52000
8355,Employee_08355,Marketing,82000
8356,Employee_08356,Support,75500
8357,Employee_08357,Operations,94500
8358,Employee_08358,QA,81000
8359,Employee_08359,DevOps,62500
8360,Employee_08360,Product,118500
8361,Employee_08361,Engineering,77000
8362,Employee_08362,HR,75500
8363,Employee_08363,Finance,42500
8364,Employee_08364,Sales,79000
8365,Employee_08365,Marketing,83000
8366,Employee_08366,Support,53500
8367,Employee_08367,Operations,40500
8368,Employee_08368,QA,73500
8369,Employee_08369,DevOps,52000
8370,Employee_08370,Product,47000
8371,Employee_08371,Engineering,83500
8372,Employee_08372,HR,110500
8373,Employee_08373,Finance,102500
8374,Employee_08374,Sales,46000
8375,Employee_08375,Marketing,71000
8376,Employee_08376,Support,54000
8377,Employee_08377,Operations,30000
8378,Employee_08378,QA,90000
8379,Employee_08379,DevOps,117000
8380,Employee_08380,Product,116000
8381,Employee_08381,Engineering,117500
8382,Employee_08382,HR,112500
8383,Employee_08383,Finance,98000
8384,Employee_08384,Sales,78000
8385,Employee_08385,Marketing,105500
8386,Employee_08386,Support,114000
8387,Employee_08387,Operations,108000
8388,Employee_08388,QA,76000
8389,Employee_08389,DevOps,107000
8390,Employee_08390,Product,93000
8391,Employee_08391,Engineering,80000
8392,Employee_08392,HR,33500
8393,Employee_08393,Finance,58000
8394,Employee_08394,Sales,91000
8395,Employee_08395,Marketing,38000
8396,Employee_08396,Support,78000
8397,Employee_08397,Operations,117500
8398,Employee_08398,QA,38000
8399,Employee_08399,DevOps,92000
8400,Employee_08400,Product,36500
8401,Employee_08401,Engineering,49500
8402,Employee_08402,HR,52500
8403,Employee_08403,Finance,86500
8404,Employee_08404,Sales,50500
8405,Employee_08405,Marketing,79000
8406,Employee_08406,Support,115500
8407,Employee_08407,Operations,84000
8408,Employee_08408,QA,84000
8409,Employee_08409,DevOps,105500
8410,Employee_08410,Product,31500
8411,Employee_08411,Engineering,85500
8412,Employee_08412,HR,86500
8413,Employee_08413,Finance,104000
8414,Employee_08414,Sales,70000
8415,Employee_08415,Marketing,88500
8416,Employee_08416,Support,80500
8417,Employee_08417,Operations,112000
8418,Employee_08418,QA,38000
8419,Employee_08419,DevOps,43500
8420,Employee_08420,Product,119000
8421,Employee_08421,Engineering,80000
8422,Employee_08422,HR,88500
8423,Employee_08423,Finance,94000
8424,Employee_08424,Sales,40000
8425,Employee_08425,Marketing,40500
8426,Employee_08426,Support,39500
8427,Employee_08427,Operations,101000
8428,Employee_08428,QA,95000
8429,Employee_08429,DevOps,48500
8430,Employee_08430,Product,72000
8431,Employee_08431,Engineering,85500
8432,Employee_08432,HR,112000
8433,Employee_08433,Finance,115000
8434,Employee_08434,Sales,71500
8435,Employee_08435,Marketing,82500
8436,Employee_08436,Support,48000
8437,Employee_08437,Operations,118000
8438,Employee_08438,QA,81500
8439,Employee_08439,DevOps,74000
8440,Employee_08440,Product,77500
8441,Employee_08441,Engineering,71000
8442,Employee_08442,HR,89000
8443,Employee_08443,Finance,46000
8444,Employee_08444,Sales,85000
8445,Employee_08445,Marketing,55000
8446,Employee_08446,Support,100500
8447,Employee_08447,Operations,100500
8448,Employee_08448,QA,73000
8449,Employee_08449,DevOps,90000
8450,Employee_08450,Product,115500
8451,Employee_08451,Engineering,53500
8452,Employee_08452,HR,64000
8453,Employee_08453,Finance,118500
8454,Employee_08454,Sales,59500
8455,Employee_08455,Marketing,100000
8456,Employee_08456,Support,114500
8457,Employee_08457,Operations,72500
8458,Employee_08458,QA,112500
8459,Employee_08459,DevOps,107500
8460,Employee_08460,Product,41500
8461,Employee_08461,Engineering,118500
8462,Employee_08462,HR,35000
8463,Employee_08463,Finance,114500
8464,Employee_08464,Sales,96000
8465,Employee_08465,Marketing,105500
8466,Employee_08466,Support,67000
8467,Employee_08467,Operations,83000
8468,Employee_08468,QA,60500
8469,Employee_08469,DevOps,58000
8470,Employee_08470,Product,104000
8471,Employee_08471,Engineering,49000
8472,Employee_08472,HR,114000
8473,Employee_08473,Finance,70000
8474,Employee_08474,Sales,55500
8475,Employee_08475,Marketing,32000
8476,Employee_08476,Support,40000
8477,Employee_08477,Operations,96000
8478,Employee_08478,QA,95000
8479,Employee_08479,DevOps,112500
8480,Employee_08480,Product,59000
8481,Employee_08481,Engineering,45000
8482,Employee_08482,HR,70500
8483,Employee_08483,Finance,93000
8484,Employee_08484,Sales,113000
8485,Employee_08485,Marketing,34500
8486,Employee_08486,Support,98500
8487,Employee_08487,Operations,77500
8488,Employee_08488,QA,93500
8489,Employee_08489,DevOps,92500
8490,Employee_08490,Product,98500
8491,Employee_08491,Engineering,76000
8492,Employee_08492,HR,108500
8493,Employee_08493,Finance,76500
8494,Employee_08494,Sales,85000
8495,Employee_08495,Marketing,101000
8496,Employee_08496,Support,107500
8497,Employee_08497,Operations,104500
8498,Employee_08498,QA,110000
8499,Employee_08499,DevOps,103500
8500,Employee_08500,Product,74500
8501,Employee_08501,Engineering,105500
8502,Employee_08502,HR,95500
8503,Employee_08503,Finance,35000
8504,Employee_08504,Sales,82000
8505,Employee_08505,Marketing,97500
8506,Employee_08506,Support,73000
8507,Employee_08507,Operations,34500
8508,Employee_08508,QA,104000
8509,Employee_08509,DevOps,82000
8510,Employee_08510,Product,56500
8511,Employee_08511,Engineering,117000
8512,Employee_08512,HR,115000
8513,Employee_08513,Finance,96000
8514,Employee_08514,Sales,95500
8515,Employee_08515,Marketing,58500
8516,Employee_08516,Support,41000
8517,Employee_08517,Operations,80500
8518,Employee_08518,QA,104500
8519,Employee_08519,DevOps,69500
8520,Employee_08520,Product,65000
8521,Employee_08521,Engineering,81000
8522,Employee_08522,HR,91000
8523,Employee_08523,Finance,72500
8524,Employee_08524,Sales,57000
8525,Employee_08525,Marketing,31500
8526,Employee_08526,Support,66500
8527,Employee_08527,Operations,79500
8528,Employee_08528,QA,94500
8529,Employee_08529,DevOps,77500
8530,Employee_08530,Product,91500
8531,Employee_08531,Engineering,74000
8532,Employee_08532,HR,33500
8533,Employee_08533,Finance,112500
8534,Employee_08534,Sales,119500
8535,Employee_08535,Marketing,37000
8536,Employee_08536,Support,94500
8537,Employee_08537,Operations,92500
8538,Employee_08538,QA,30500
8539,Employee_08539,DevOps,113000
8540,Employee_08540,Product,49000
8541,Employee_08541,Engineering,49000
8542,Employee_08542,HR,39000
8543,Employee_08543,Finance,82000
8544,Employee_08544,Sales,39000
8545,Employee_08545,Marketing,36500
8546,Employee_08546,Support,96500
8547,Employee_08547,Operations,104000
8548,Employee_08548,QA,53500
8549,Employee_08549,DevOps,88000
8550,Employee_08550,Product,39500
8551,Employee_08551,Engineering,32000
8552,Employee_08552,HR,38500
8553,Employee_08553,Finance,94000
8554,Employee_08554,Sales,72000
8555,Employee_08555,Marketing,39500
8556,Employee_08556,Support,115000
8557,Employee_08557,Operations,85500
8558,Employee_08558,QA,60500
8559,Employee_08559,DevOps,31000
8560,Employee_08560,Product,49500
8561,Employee_08561,Engineering,65000
8562,Employee_08562,HR,74000
8563,Employee_08563,Finance,79000
8564,Employee_08564,Sales,65500
8565,Employee_08565,Marketing,97500
8566,Employee_08566,Support,79000
8567,Employee_08567,Operations,39000
8568,Employee_08568,QA,94000
8569,Employee_08569,DevOps,106000
8570,Employee_08570,Product,69000
8571,Employee_08571,Engineering,42000
8572,Employee_08572,HR,46500
8573,Employee_08573,Finance,78000
8574,Employee_08574,Sales,99000
8575,Employee_08575,Marketing,92000
8576,Employee_08576,Support,102500
8577,Employee_08577,Operations,79000
8578,Employee_08578,QA,104500
8579,Employee_08579,DevOps,65000
8580,Employee_08580,Product,82500
8581,Employee_08581,Engineering,92500
8582,Employee_08582,HR,102500
8583,Employee_08583,Finance,101000
8584,Employee_08584,Sales,92500
8585,Employee_08585,Marketing,30500
8586,Employee_08586,Support,34000
8587,Employee_08587,Operations,116000
8588,Employee_08588,QA,99000
8589,Employee_08589,DevOps,46000
8590,Employee_08590,Product,103500
8591,Employee_08591,Engineering,60500
8592,Employee_08592,HR,31000
8593,Employee_08593,Finance,57500
8594,Employee_08594,Sales,39000
8595,Employee_08595,Marketing,93500
8596,Employee_08596,Support,69000
8597,Employee_08597,Operations,66500
8598,Employee_08598,QA,64500
8599,Employee_08599,DevOps,33500
8600,Employee_08600,Product,33000
8601,Employee_08601,Engineering,100500
8602,Employee_08602,HR,78500
8603,Employee_08603,Finance,37500
8604,Employee_08604,Sales,37000
8605,Employee_08605,Marketing,48000
8606,Employee_08606,Support,120000
8607,Employee_08607,Operations,105500
8608,Employee_08608,QA,61500
8609,Employee_08609,DevOps,67500
8610,Employee_08610,Product,66000
8611,Employee_08611,Engineering,108000
8612,Employee_08612,HR,91000
8613,Employee_08613,Finance,56500
8614,Employee_08614,Sales,72500
8615,Employee_08615,Marketing,42000
8616,Employee_08616,Support,49000
8617,Employee_08617,Operations,78500
8618,Employee_08618,QA,67500
8619,Employee_08619,DevOps,84000
8620,Employee_08620,Product,72500
8621,Employee_08621,Engineering,94500
8622,Employee_08622,HR,90000
8623,Employee_08623,Finance,115000
8624,Employee_08624,Sales,31500
8625,Employee_08625,Marketing,94500
8626,Employee_08626,Support,85000
8627,Employee_08627,Operations,98500
8628,Employee_08628,QA,117000
8629,Employee_08629,DevOps,103000
8630,Employee_08630,Product,39500
8631,Employee_08631,Engineering,111500
8632,Employee_08632,HR,112500
8633,Employee_08633,Finance,116500
8634,Employee_08634,Sales,36500
8635,Employee_08635,Marketing,32000
8636,Employee_08636,Support,40000
8637,Employee_08637,Operations,41500
8638,Employee_08638,QA,69500
8639,Employee_08639,DevOps,106500
8640,Employee_08640,Product,64500
8641,Employee_08641,Engineering,107000
8642,Employee_08642,HR,45000
8643,Employee_08643,Finance,100500
8644,Employee_08644,Sales,60500
8645,Employee_08645,Marketing,43000
8646,Employee_08646,Support,74500
8647,Employee_08647,Operations,61000
8648,Employee_08648,QA,40500
8649,Employee_08649,DevOps,65500
8650,Employee_08650,Product,75000
8651,Employee_08651,Engineering,35500
8652,Employee_08652,HR,65500
8653,Employee_08653,Finance,58000
8654,Employee_08654,Sales,104000
8655,Employee_08655,Marketing,100500
8656,Employee_08656,Support,71500
8657,Employee_08657,Operations,33000
8658,Employee_08658,QA,106000
8659,Employee_08659,DevOps,102500
8660,Employee_08660,Product,49500
8661,Employee_08661,Engineering,39000
8662,Employee_08662,HR,34500
8663,Employee_08663,Finance,72000
8664,Employee_08664,Sales,64500
8665,Employee_08665,Marketing,36000
8666,Employee_08666,Support,74500
8667,Employee_08667,Operations,116500
8668,Employee_08668,QA,59000
8669,Employee_08669,DevOps,44000
8670,Employee_08670,Product,88500
8671,Employee_08671,Engineering,101000
8672,Employee_08672,HR,38500
8673,Employee_08673,Finance,75500
8674,Employee_08674,Sales,112500
8675,Employee_08675,Marketing,60000
8676,Employee_08676,Support,106500
8677,Employee_08677,Operations,99500
8678,Employee_08678,QA,96500
8679,Employee_08679,DevOps,92000
8680,Employee_08680,Product,95500
8681,Employee_08681,Engineering,48000
8682,Employee_08682,HR,36500
8683,Employee_08683,Finance,96000
8684,Employee_08684,Sales,46000
8685,Employee_08685,Marketing,33500
8686,Employee_08686,Support,93000
8687,Employee_08687,Operations,110500
8688,Employee_08688,QA,98500
8689,Employee_08689,DevOps,35000
8690,Employee_08690,Product,58000
8691,Employee_08691,Engineering,74500
8692,Employee_08692,HR,84000
8693,Employee_08693,Finance,72000
8694,Employee_08694,Sales,69000
8695,Employee_08695,Marketing,51500
8696,Employee_08696,Support,39500
8697,Employee_08697,Operations,85500
8698,Employee_08698,QA,59000
8699,Employee_08699,DevOps,87500
8700,Employee_08700,Product,80500
8701,Employee_08701,Engineering,69000
8702,Employee_08702,HR,92000
8703,Employee_08703,Finance,31000
8704,Employee_08704,Sales,116000
8705,Employee_08705,Marketing,65500
8706,Employee_08706,Support,114500
8707,Employee_08707,Operations,82000
8708,Employee_08708,QA,86000
8709,Employee_08709,DevOps,36000
8710,Employee_08710,Product,93500
8711,Employee_08711,Engineering,53500
8712,Employee_08712,HR,55000
8713,Employee_08713,Finance,104500
8714,Employee_08714,Sales,64500
8715,Employee_08715,Marketing,81500
8716,Employee_08716,Support,80000
8717,Employee_08717,Operations,48000
8718,Employee_08718,QA,96000
8719,Employee_08719,DevOps,76500
8720,Employee_08720,Product,82000
8721,Employee_08721,Engineering,86000
8722,Employee_08722,HR,85000
8723,Employee_08723,Finance,35000
8724,Employee_08724,Sales,74500
8725,Employee_08725,Marketing,99500
8726,Employee_08726,Support,97000
8727,Employee_08727,Operations,71000
8728,Employee_08728,QA,111000
8729,Employee_08729,DevOps,40000
8730,Employee_08730,Product,116500
8731,Employee_08731,Engineering,73000
8732,Employee_08732,HR,66000
8733,Employee_08733,Finance,111500
8734,Employee_08734,Sales,99500
8735,Employee_08735,Marketing,58000
8736,Employee_08736,Support,58500
8737,Employee_08737,Operations,102000
8738,Employee_08738,QA,38000
8739,Employee_08739,DevOps,119000
8740,Employee_08740,Product,39000
8741,Employee_08741,Engineering,90500
8742,Employee_08742,HR,52500
8743,Employee_08743,Finance,103500
8744,Employee_08744,Sales,55500
8745,Employee_08745,Marketing,65000
8746,Employee_08746,Support,106500
8747,Employee_08747,Operations,53000
8748,Employee_08748,QA,67000
8749,Employee_08749,DevOps,65500
8750,Employee_08750,Product,45000
8751,Employee_08751,Engineering,87000
8752,Employee_08752,HR,33500
8753,Employee_08753,Finance,112000
8754,Employee_08754,Sales,78000
8755,Employee_08755,Marketing,34000
8756,Employee_08756,Support,59000
8757,Employee_08757,Operations,69000
8758,Employee_08758,QA,47500
8759,Employee_08759,DevOps,77500
8760,Employee_08760,Product,100500
8761,Employee_08761,Engineering,78500
8762,Employee_08762,HR,30500
8763,Employee_08763,Finance,70500
8764,Employee_08764,Sales,45000
8765,Employee_08765,Marketing,44000
8766,Employee_08766,Support,89500
8767,Employee_08767,Operations,82500
8768,Employee_08768,QA,49000
8769,Employee_08769,DevOps,114000
8770,Employee_08770,Product,108000
8771,Employee_08771,Engineering,49500
8772,Employee_08772,HR,115000
8773,Employee_08773,Finance,114000
8774,Employee_08774,Sales,63500
8775,Employee_08775,Marketing,57000
8776,Employee_08776,Support,93500
8777,Employee_08777,Operations,55000
8778,Employee_08778,QA,115500
8779,Employee_08779,DevOps,78000
8780,Employee_08780,Product,39000
8781,Employee_08781,Engineering,115000
8782,Employee_08782,HR,35500
8783,Employee_08783,Finance,80500
8784,Employee_08784,Sales,96000
8785,Employee_08785,Marketing,58000
8786,Employee_08786,Support,66500
8787,Employee_08787,Operations,77500
8788,Employee_08788,QA,65000
8789,Employee_08789,DevOps,87000
8790,Employee_08790,Product,65000
8791,Employee_08791,Engineering,88000
8792,Employee_08792,HR,87000
8793,Employee_08793,Finance,85000
8794,Employee_08794,Sales,53000
8795,Employee_08795,Marketing,59500
8796,Employee_08796,Support,105500
8797,Employee_08797,Operations,100500
8798,Employee_08798,QA,70000
8799,Employee_08799,DevOps,70500
8800,Employee_08800,Product,63000
8801,Employee_08801,Engineering,79000
8802,Employee_08802,HR,81500
8803,Employee_08803,Finance,78500
8804,Employee_08804,Sales,105500
8805,Employee_08805,Marketing,44500
8806,Employee_08806,Support,88000
8807,Employee_08807,Operations,41000
8808,Employee_08808,QA,38500
8809,Employee_08809,DevOps,61000
8810,Employee_08810,Product,114500
8811,Employee_08811,Engineering,44500
8812,Employee_08812,HR,51000
8813,Employee_08813,Finance,112000
8814,Employee_08814,Sales,116000
8815,Employee_08815,Marketing,76500
8816,Employee_08816,Support,63500
8817,Employee_08817,Operations,115000
8818,Employee_08818,QA,50500
8819,Employee_08819,DevOps,116000
8820,Employee_08820,Product,86500
8821,Employee_08821,Engineering,30500
8822,Employee_08822,HR,55000
8823,Employee_08823,Finance,56000
8824,Employee_08824,Sales,109000
8825,Employee_08825,Marketing,40000
8826,Employee_08826,Support,74500
8827,Employee_08827,Operations,56500
8828,Employee_08828,QA,95000
8829,Employee_08829,DevOps,51500
8830,Employee_08830,Product,32500
8831,Employee_08831,Engineering,71500
8832,Employee_08832,HR,44500
8833,Employee_08833,Finance,99000
8834,Employee_08834,Sales,83000
8835,Employee_08835,Marketing,101000
8836,Employee_08836,Support,111500
8837,Employee_08837,Operations,91500
8838,Employee_08838,QA,50500
8839,Employee_08839,DevOps,45000
8840,Employee_08840,Product,73000
8841,Employee_08841,Engineering,43000
8842,Employee_08842,HR,66500
8843,Employee_08843,Finance,68500
8844,Employee_08844,Sales,102500
8845,Employee_08845,Marketing,51000
8846,Employee_08846,Support,78000
8847,Employee_08847,Operations,42500
8848,Employee_08848,QA,107000
8849,Employee_08849,DevOps,46000
8850,Employee_08850,Product,47000
8851,Employee_08851,Engineering,84500
8852,Employee_08852,HR,35500
8853,Employee_08853,Finance,112500
8854,Employee_08854,Sales,73000
8855,Employee_08855,Marketing,99000
8856,Employee_08856,Support,103500
8857,Employee_08857,Operations,82500
8858,Employee_08858,QA,80000
8859,Employee_08859,DevOps,75000
8860,Employee_08860,Product,92500
8861,Employee_08861,Engineering,89000
8862,Employee_08862,HR,68000
8863,Employee_08863,Finance,50000
8864,Employee_08864,Sales,73000
8865,Employee_08865,Marketing,80000
8866,Employee_08866,Support,115500
8867,Employee_08867,Operations,95000
8868,Employee_08868,QA,45500
8869,Employee_08869,DevOps,38000
8870,Employee_08870,Product,72000
8871,Employee_08871,Engineering,67000
8872,Employee_08872,HR,94000
8873,Employee_08873,Finance,98000
8874,Employee_08874,Sales,105500
8875,Employee_08875,Marketing,82000
8876,Employee_08876,Support,96000
8877,Employee_08877,Operations,79500
8878,Employee_08878,QA,115500
8879,Employee_08879,DevOps,51000
8880,Employee_08880,Product,111000
8881,Employee_08881,Engineering,87000
8882,Employee_08882,HR,102500
8883,Employee_08883,Finance,82000
8884,Employee_08884,Sales,116500
8885,Employee_08885,Marketing,35500
8886,Employee_08886,Support,90500
8887,Employee_08887,Operations,47000
8888,Employee_08888,QA,67000
8889,Employee_08889,DevOps,81500
8890,Employee_08890,Product,85500
8891,Employee_08891,Engineering,116000
8892,Employee_08892,HR,32000
8893,Employee_08893,Finance,116500
8894,Employee_08894,Sales,116500
8895,Employee_08895,Marketing,45000
8896,Employee_08896,Support,37500
8897,Employee_08897,Operations,66500
8898,Employee_08898,QA,90000
8899,Employee_08899,DevOps,93500
8900,Employee_08900,Product,106500
8901,Employee_08901,Engineering,55000
8902,Employee_08902,HR,65500
8903,Employee_08903,Finance,64000
8904,Employee_08904,Sales,105500
8905,Employee_08905,Marketing,111000
8906,Employee_08906,Support,40000
8907,Employee_08907,Operations,40500
8908,Employee_08908,QA,88000
8909,Employee_08909,DevOps,78000
8910,Employee_08910,Product,72000
8911,Employee_08911,Engineering,87500
8912,Employee_08912,HR,84000
8913,Employee_08913,Finance,36500
8914,Employee_08914,Sales,118500
8915,Employee_08915,Marketing,33000
8916,Employee_08916,Support,109500
8917,Employee_08917,Operations,100500
8918,Employee_08918,QA,86500
8919,Employee_08919,DevOps,56500
8920,Employee_08920,Product,98000
8921,Employee_08921,Engineering,80000
8922,Employee_08922,HR,119000
8923,Employee_08923,Finance,75500
8924,Employee_08924,Sales,42500
8925,Employee_08925,Marketing,103500
8926,Employee_08926,Support,39000
8927,Employee_08927,Operations,31000
8928,Employee_08928,QA,109500
8929,Employee_08929,DevOps,64000
8930,Employee_08930,Product,118500
8931,Employee_08931,Engineering,116000
8932,Employee_08932,HR,58500
8933,Employee_08933,Finance,110500
8934,Employee_08934,Sales,91500
8935,Employee_08935,Marketing,92000
8936,Employee_08936,Support,60000
8937,Employee_08937,Operations,86000
8938,Employee_08938,QA,65000
8939,Employee_08939,DevOps,42500
8940,Employee_08940,Product,51000
8941,Employee_08941,Engineering,34500
8942,Employee_08942,HR,102500
8943,Employee_08943,Finance,111000
8944,Employee_08944,Sales,98500
8945,Employee_08945,Marketing,96500
8946,Employee_08946,Support,100000
8947,Employee_08947,Operations,36000
8948,Employee_08948,QA,47000
8949,Employee_08949,DevOps,57000
8950,Employee_08950,Product,31500
8951,Employee_08951,Engineering,58500
8952,Employee_08952,HR,38000
8953,Employee_08953,Finance,93500
8954,Employee_08954,Sales,45000
8955,Employee_08955,Marketing,101000
8956,Employee_08956,Support,91000
8957,Employee_08957,Operations,80000
8958,Employee_08958,QA,92500
8959,Employee_08959,DevOps,74500
8960,Employee_08960,Product,44000
8961,Employee_08961,Engineering,78500
8962,Employee_08962,HR,119500
8963,Employee_08963,Finance,93500
8964,Employee_08964,Sales,100500
8965,Employee_08965,Marketing,68500
8966,Employee_08966,Support,73500
8967,Employee_08967,Operations,52500
8968,Employee_08968,QA,78500
8969,Employee_08969,DevOps,34500
8970,Employee_08970,Product,50000
8971,Employee_08971,Engineering,85500
8972,Employee_08972,HR,94000
8973,Employee_08973,Finance,48500
8974,Employee_08974,Sales,117000
8975,Employee_08975,Marketing,53000
8976,Employee_08976,Support,71000
8977,Employee_08977,Operations,31500
8978,Employee_08978,QA,97500
8979,Employee_08979,DevOps,82500
8980,Employee_08980,Product,116000
8981,Employee_08981,Engineering,114000
8982,Employee_08982,HR,41000
8983,Employee_08983,Finance,59000
8984,Employee_08984,Sales,61000
8985,Employee_08985,Marketing,105500
8986,Employee_08986,Support,101000
8987,Employee_08987,Operations,37500
8988,Employee_08988,QA,96000
8989,Employee_08989,DevOps,117500
8990,Employee_08990,Product,92500
8991,Employee_08991,Engineering,106500
8992,Employee_08992,HR,89500
8993,Employee_08993,Finance,87000
8994,Employee_08994,Sales,75000
8995,Employee_08995,Marketing,51500
8996,Employee_08996,Support,59500
8997,Employee_08997,Operations,76500
8998,Employee_08998,QA,111000
8999,Employee_08999,DevOps,38000
9000,Employee_09000,Product,54000
9001,Employee_09001,Engineering,48500
9002,Employee_09002,HR,52500
9003,Employee_09003,Finance,82500
9004,Employee_09004,Sales,33500
9005,Employee_09005,Marketing,92000
9006,Employee_09006,Support,101500
9007,Employee_09007,Operations,62000
9008,Employee_09008,QA,38500
9009,Employee_09009,DevOps,118000
9010,Employee_09010,Product,82000
9011,Employee_09011,Engineering,115500
9012,Employee_09012,HR,53500
9013,Employee_09013,Finance,81500
9014,Employee_09014,Sales,75000
9015,Employee_09015,Marketing,57000
9016,Employee_09016,Support,31500
9017,Employee_09017,Operations,79500
9018,Employee_09018,QA,84000
9019,Employee_09019,DevOps,75000
9020,Employee_09020,Product,47000
9021,Employee_09021,Engineering,54000
9022,Employee_09022,HR,82000
9023,Employee_09023,Finance,32000
9024,Employee_09024,Sales,62500
9025,Employee_09025,Marketing,34500
9026,Employee_09026,Support,99000
9027,Employee_09027,Operations,84000
9028,Employee_09028,QA,64500
9029,Employee_09029,DevOps,119500
9030,Employee_09030,Product,44000
9031,Employee_09031,Engineering,39000
9032,Employee_09032,HR,41000
9033,Employee_09033,Finance,112500
9034,Employee_09034,Sales,56500
9035,Employee_09035,Marketing,82500
9036,Employee_09036,Support,120000
9037,Employee_09037,Operations,65000
9038,Employee_09038,QA,77000
9039,Employee_09039,DevOps,30000
9040,Employee_09040,Product,82500
9041,Employee_09041,Engineering,66500
9042,Employee_09042,HR,75000
9043,Employee_09043,Finance,91000
9044,Employee_09044,Sales,34500
9045,Employee_09045,Marketing,57000
9046,Employee_09046,Support,34000
9047,Employee_09047,Operations,85500
9048,Employee_09048,QA,119500
9049,Employee_09049,DevOps,37500
9050,Employee_09050,Product,79500
9051,Employee_09051,Engineering,116000
9052,Employee_09052,HR,87000
9053,Employee_09053,Finance,83000
9054,Employee_09054,Sales,72500
9055,Employee_09055,Marketing,81000
9056,Employee_09056,Support,115000
9057,Employee_09057,Operations,77000
9058,Employee_09058,QA,70500
9059,Employee_09059,DevOps,35000
9060,Employee_09060,Product,113000
9061,Employee_09061,Engineering,74000
9062,Employee_09062,HR,66500
9063,Employee_09063,Finance,78000
9064,Employee_09064,Sales,108000
9065,Employee_09065,Marketing,58000
9066,Employee_09066,Support,79500
9067,Employee_09067,Operations,115000
9068,Employee_09068,QA,55500
9069,Employee_09069,DevOps,74500
9070,Employee_09070,Product,33500
9071,Employee_09071,Engineering,118500
9072,Employee_09072,HR,84500
9073,Employee_09073,Finance,37000
9074,Employee_09074,Sales,69000
9075,Employee_09075,Marketing,37500
9076,Employee_09076,Support,92000
9077,Employee_09077,Operations,34000
9078,Employee_09078,QA,70000
9079,Employee_09079,DevOps,74000
9080,Employee_09080,Product,88500
9081,Employee_09081,Engineering,42500
9082,Employee_09082,HR,92000
9083,Employee_09083,Finance,109500
9084,Employee_09084,Sales,90500
9085,Employee_09085,Marketing,37000
9086,Employee_09086,Support,59500
9087,Employee_09087,Operations,46500
9088,Employee_09088,QA,54000
9089,Employee_09089,DevOps,104500
9090,Employee_09090,Product,110500
9091,Employee_09091,Engineering,68000
9092,Employee_09092,HR,79000
9093,Employee_09093,Finance,86500
9094,Employee_09094,Sales,47500
9095,Employee_09095,Marketing,76500
9096,Employee_09096,Support,35000
9097,Employee_09097,Operations,113000
9098,Employee_09098,QA,41000
9099,Employee_09099,DevOps,80500
9100,Employee_09100,Product,90500
9101,Employee_09101,Engineering,38500
9102,Employee_09102,HR,61000
9103,Employee_09103,Finance,38000
9104,Employee_09104,Sales,74000
9105,Employee_09105,Marketing,58500
9106,Employee_09106,Support,60500
9107,Employee_09107,Operations,41500
9108,Employee_09108,QA,91500
9109,Employee_09109,DevOps,94500
9110,Employee_09110,Product,116500
9111,Employee_09111,Engineering,61500
9112,Employee_09112,HR,49000
9113,Employee_09113,Finance,94000
9114,Employee_09114,Sales,81000
9115,Employee_09115,Marketing,110000
9116,Employee_09116,Support,30000
9117,Employee_09117,Operations,90500
9118,Employee_09118,QA,43000
9119,Employee_09119,DevOps,92000
9120,Employee_09120,Product,63500
9121,Employee_09121,Engineering,76500
9122,Employee_09122,HR,52500
9123,Employee_09123,Finance,108500
9124,Employee_09124,Sales,55500
9125,Employee_09125,Marketing,76000
9126,Employee_09126,Support,95000
9127,Employee_09127,Operations,36500
9128,Employee_09128,QA,62500
9129,Employee_09129,DevOps,111500
9130,Employee_09130,Product,33500
9131,Employee_09131,Engineering,65500
9132,Employee_09132,HR,115000
9133,Employee_09133,Finance,115500
9134,Employee_09134,Sales,48500
9135,Employee_09135,Marketing,64000
9136,Employee_09136,Support,71000
9137,Employee_09137,Operations,32000
9138,Employee_09138,QA,88500
9139,Employee_09139,DevOps,94000
9140,Employee_09140,Product,52000
9141,Employee_09141,Engineering,52000
9142,Employee_09142,HR,102000
9143,Employee_09143,Finance,37500
9144,Employee_09144,Sales,89000
9145,Employee_09145,Marketing,98500
9146,Employee_09146,Support,39000
9147,Employee_09147,Operations,53000
9148,Employee_09148,QA,112000
9149,Employee_09149,DevOps,55000
9150,Employee_09150,Product,52500
9151,Employee_09151,Engineering,87000
9152,Employee_09152,HR,106000
9153,Employee_09153,Finance,110500
9154,Employee_09154,Sales,91000
9155,Employee_09155,Marketing,71000
9156,Employee_09156,Support,30000
9157,Employee_09157,Operations,84000
9158,Employee_09158,QA,57000
9159,Employee_09159,DevOps,73000
9160,Employee_09160,Product,72500
9161,Employee_09161,Engineering,92000
9162,Employee_09162,HR,78500
9163,Employee_09163,Finance,58500
9164,Employee_09164,Sales,100000
9165,Employee_09165,Marketing,55000
9166,Employee_09166,Support,116000
9167,Employee_09167,Operations,96500
9168,Employee_09168,QA,102000
9169,Employee_09169,DevOps,33500
9170,Employee_09170,Product,92500
9171,Employee_09171,Engineering,41500
9172,Employee_09172,HR,59500
9173,Employee_09173,Finance,81500
9174,Employee_09174,Sales,88000
9175,Employee_09175,Marketing,60500
9176,Employee_09176,Support,45500
9177,Employee_09177,Operations,63500
9178,Employee_09178,QA,53000
9179,Employee_09179,DevOps,107500
9180,Employee_09180,Product,116000
9181,Employee_09181,Engineering,67000
9182,Employee_09182,HR,111500
9183,Employee_09183,Finance,120000
9184,Employee_09184,Sales,37500
9185,Employee_09185,Marketing,115500
9186,Employee_09186,Support,38500
9187,Employee_09187,Operations,36000
9188,Employee_09188,QA,69000
9189,Employee_09189,DevOps,57000
9190,Employee_09190,Product,36500
9191,Employee_09191,Engineering,36000
9192,Employee_09192,HR,72500
9193,Employee_09193,Finance,34000
9194,Employee_09194,Sales,32000
9195,Employee_09195,Marketing,98000
9196,Employee_09196,Support,61500
9197,Employee_09197,Operations,36000
9198,Employee_09198,QA,51500
9199,Employee_09199,DevOps,113500
9200,Employee_09200,Product,57500
9201,Employee_09201,Engineering,58500
9202,Employee_09202,HR,44500
9203,Employee_09203,Finance,72500
9204,Employee_09204,Sales,68000
9205,Employee_09205,Marketing,56000
9206,Employee_09206,Support,70000
9207,Employee_09207,Operations,116500
9208,Employee_09208,QA,112000
9209,Employee_09209,DevOps,73500
9210,Employee_09210,Product,105000
9211,Employee_09211,Engineering,118000
9212,Employee_09212,HR,96000
9213,Employee_09213,Finance,41000
9214,Employee_09214,Sales,106000
9215,Employee_09215,Marketing,117500
9216,Employee_09216,Support,88000
9217,Employee_09217,Operations,118500
9218,Employee_09218,QA,35500
9219,Employee_09219,DevOps,90500
9220,Employee_09220,Product,87000
9221,Employee_09221,Engineering,110500
9222,Employee_09222,HR,99000
9223,Employee_09223,Finance,55500
9224,Employee_09224,Sales,110500
9225,Employee_09225,Marketing,109500
9226,Employee_09226,Support,90500
9227,Employee_09227,Operations,90500
9228,Employee_09228,QA,113000
9229,Employee_09229,DevOps,115500
9230,Employee_09230,Product,93500
9231,Employee_09231,Engineering,93000
9232,Employee_09232,HR,62500
9233,Employee_09233,Finance,114500
9234,Employee_09234,Sales,43000
9235,Employee_09235,Marketing,95000
9236,Employee_09236,Support,92000
9237,Employee_09237,Operations,76500
9238,Employee_09238,QA,48500
9239,Employee_09239,DevOps,65000
9240,Employee_09240,Product,103000
9241,Employee_09241,Engineering,74000
9242,Employee_09242,HR,66000
9243,Employee_09243,Finance,80000
9244,Employee_09244,Sales,85000
9245,Employee_09245,Marketing,47500
9246,Employee_09246,Support,97500
9247,Employee_09247,Operations,61000
9248,Employee_09248,QA,79000
9249,Employee_09249,DevOps,64500
9250,Employee_09250,Product,102500
9251,Employee_09251,Engineering,58000
9252,Employee_09252,HR,67000
9253,Employee_09253,Finance,109500
9254,Employee_09254,Sales,61000
9255,Employee_09255,Marketing,43500
9256,Employee_09256,Support,39500
9257,Employee_09257,Operations,76000
9258,Employee_09258,QA,54000
9259,Employee_09259,DevOps,94500
9260,Employee_09260,Product,31500
9261,Employee_09261,Engineering,118500
9262,Employee_09262,HR,114500
9263,Employee_09263,Finance,58000
9264,Employee_09264,Sales,37000
9265,Employee_09265,Marketing,87500
9266,Employee_09266,Support,38500
9267,Employee_09267,Operations,84000
9268,Employee_09268,QA,84500
9269,Employee_09269,DevOps,31000
9270,Employee_09270,Product,106500
9271,Employee_09271,Engineering,75000
9272,Employee_09272,HR,67500
9273,Employee_09273,Finance,89000
9274,Employee_09274,Sales,35500
9275,Employee_09275,Marketing,60500
9276,Employee_09276,Support,97000
9277,Employee_09277,Operations,32000
9278,Employee_09278,QA,33000
9279,Employee_09279,DevOps,71500
9280,Employee_09280,Product,60500
9281,Employee_09281,Engineering,70500
9282,Employee_09282,HR,102500
9283,Employee_09283,Finance,50000
9284,Employee_09284,Sales,118000
9285,Employee_09285,Marketing,47500
9286,Employee_09286,Support,78000
9287,Employee_09287,Operations,44000
9288,Employee_09288,QA,79000
9289,Employee_09289,DevOps,59500
9290,Employee_09290,Product,40000
9291,Employee_09291,Engineering,93000
9292,Employee_09292,HR,100500
9293,Employee_09293,Finance,81500
9294,Employee_09294,Sales,33500
9295,Employee_09295,Marketing,93000
9296,Employee_09296,Support,44000
9297,Employee_09297,Operations,77000
9298,Employee_09298,QA,92000
9299,Employee_09299,DevOps,78000
9300,Employee_09300,Product,57500
9301,Employee_09301,Engineering,88000
9302,Employee_09302,HR,34000
9303,Employee_09303,Finance,68000
9304,Employee_09304,Sales,67500
9305,Employee_09305,Marketing,57500
9306,Employee_09306,Support,34500
9307,Employee_09307,Operations,30500
9308,Employee_09308,QA,65500
9309,Employee_09309,DevOps,87500
9310,Employee_09310,Product,119500
9311,Employee_09311,Engineering,107000
9312,Employee_09312,HR,54500
9313,Employee_09313,Finance,119000
9314,Employee_09314,Sales,109500
9315,Employee_09315,Marketing,34000
9316,Employee_09316,Support,39500
9317,Employee_09317,Operations,99500
9318,Employee_09318,QA,41500
9319,Employee_09319,DevOps,94500
9320,Employee_09320,Product,108500
9321,Employee_09321,Engineering,116000
9322,Employee_09322,HR,118000
9323,Employee_09323,Finance,86500
9324,Employee_09324,Sales,48500
9325,Employee_09325,Marketing,101000
9326,Employee_09326,Support,72000
9327,Employee_09327,Operations,49500
9328,Employee_09328,QA,89000
9329,Employee_09329,DevOps,82000
9330,Employee_09330,Product,84000
9331,Employee_09331,Engineering,32000
9332,Employee_09332,HR,62000
9333,Employee_09333,Finance,61000
9334,Employee_09334,Sales,83000
9335,Employee_09335,Marketing,43000
9336,Employee_09336,Support,92000
9337,Employee_09337,Operations,103000
9338,Employee_09338,QA,88500
9339,Employee_09339,DevOps,30000
9340,Employee_09340,Product,50000
9341,Employee_09341,Engineering,82000
9342,Employee_09342,HR,98500
9343,Employee_09343,Finance,57500
9344,Employee_09344,Sales,111000
9345,Employee_09345,Marketing,107000
9346,Employee_09346,Support,50500
9347,Employee_09347,Operations,48000
9348,Employee_09348,QA,85000
9349,Employee_09349,DevOps,50500
9350,Employee_09350,Product,67000
9351,Employee_09351,Engineering,111000
9352,Employee_09352,HR,94500
9353,Employee_09353,Finance,60000
9354,Employee_09354,Sales,38000
9355,Employee_09355,Marketing,54000
9356,Employee_09356,Support,110000
9357,Employee_09357,Operations,61500
9358,Employee_09358,QA,78000
9359,Employee_09359,DevOps,107000
9360,Employee_09360,Product,120000
9361,Employee_09361,Engineering,67000
9362,Employee_09362,HR,80000
9363,Employee_09363,Finance,57000
9364,Employee_09364,Sales,42500
9365,Employee_09365,Marketing,76000
9366,Employee_09366,Support,58000
9367,Employee_09367,Operations,53000
9368,Employee_09368,QA,46500
9369,Employee_09369,DevOps,89000
9370,Employee_09370,Product,52500
9371,Employee_09371,Engineering,87000
9372,Employee_09372,HR,55000
9373,Employee_09373,Finance,63500
9374,Employee_09374,Sales,90500
9375,Employee_09375,Marketing,55500
9376,Employee_09376,Support,88000
9377,Employee_09377,Operations,80500
9378,Employee_09378,QA,39500
9379,Employee_09379,DevOps,30500
9380,Employee_09380,Product,80000
9381,Employee_09381,Engineering,85500
9382,Employee_09382,HR,77500
9383,Employee_09383,Finance,61500
9384,Employee_09384,Sales,59500
9385,Employee_09385,Marketing,41500
9386,Employee_09386,Support,105000
9387,Employee_09387,Operations,109500
9388,Employee_09388,QA,95000
9389,Employee_09389,DevOps,88500
9390,Employee_09390,Product,51500
9391,Employee_09391,Engineering,87000
9392,Employee_09392,HR,98500
9393,Employee_09393,Finance,66000
9394,Employee_09394,Sales,58000
9395,Employee_09395,Marketing,97000
9396,Employee_09396,Support,105500
9397,Employee_09397,Operations,74000
9398,Employee_09398,QA,95000
9399,Employee_09399,DevOps,38500
9400,Employee_09400,Product,87500
9401,Employee_09401,Engineering,48500
9402,Employee_09402,HR,98000
9403,Employee_09403,Finance,68000
9404,Employee_09404,Sales,116500
9405,Employee_09405,Marketing,59000
9406,Employee_09406,Support,57000
9407,Employee_09407,Operations,117000
9408,Employee_09408,QA,73000
9409,Employee_09409,DevOps,79000
9410,Employee_09410,Product,37500
9411,Employee_09411,Engineering,97000
9412,Employee_09412,HR,43000
9413,Employee_09413,Finance,104500
9414,Employee_09414,Sales,58500
9415,Employee_09415,Marketing,91500
9416,Employee_09416,Support,101000
9417,Employee_09417,Operations,105000
9418,Employee_09418,QA,76000
9419,Employee_09419,DevOps,100000
9420,Employee_09420,Product,110000
9421,Employee_09421,Engineering,53500
9422,Employee_09422,HR,78500
9423,Employee_09423,Finance,118500
9424,Employee_09424,Sales,113500
9425,Employee_09425,Marketing,84000
9426,Employee_09426,Support,49500
9427,Employee_09427,Operations,73500
9428,Employee_09428,QA,66500
9429,Employee_09429,DevOps,84000
9430,Employee_09430,Product,69000
9431,Employee_09431,Engineering,97000
9432,Employee_09432,HR,45500
9433,Employee_09433,Finance,59000
9434,Employee_09434,Sales,80000
9435,Employee_09435,Marketing,96500
9436,Employee_09436,Support,53500
9437,Employee_09437,Operations,64500
9438,Employee_09438,QA,57500
9439,Employee_09439,DevOps,43000
9440,Employee_09440,Product,101000
9441,Employee_09441,Engineering,102000
9442,Employee_09442,HR,81000
9443,Employee_09443,Finance,35000
9444,Employee_09444,Sales,53000
9445,Employee_09445,Marketing,43000
9446,Employee_09446,Support,115000
9447,Employee_09447,Operations,112500
9448,Employee_09448,QA,75500
9449,Employee_09449,DevOps,111500
9450,Employee_09450,Product,76500
9451,Employee_09451,Engineering,117000
9452,Employee_09452,HR,111000
9453,Employee_09453,Finance,110000
9454,Employee_09454,Sales,50500
9455,Employee_09455,Marketing,88500
9456,Employee_09456,Support,98000
9457,Employee_09457,Operations,53500
9458,Employee_09458,QA,44500
9459,Employee_09459,DevOps,42500
9460,Employee_09460,Product,82000
9461,Employee_09461,Engineering,80500
9462,Employee_09462,HR,77000
9463,Employee_09463,Finance,63000
9464,Employee_09464,Sales,119500
9465,Employee_09465,Marketing,36500
9466,Employee_09466,Support,36500
9467,Employee_09467,Operations,91500
9468,Employee_09468,QA,55500
9469,Employee_09469,DevOps,95500
9470,Employee_09470,Product,82000
9471,Employee_09471,Engineering,45000
9472,Employee_09472,HR,111000
9473,Employee_09473,Finance,113500
9474,Employee_09474,Sales,40000
9475,Employee_09475,Marketing,107000
9476,Employee_09476,Support,62500
9477,Employee_09477,Operations,30500
9478,Employee_09478,QA,63000
9479,Employee_09479,DevOps,88500
9480,Employee_09480,Product,44500
9481,Employee_09481,Engineering,72000
9482,Employee_09482,HR,111500
9483,Employee_09483,Finance,110000
9484,Employee_09484,Sales,34500
9485,Employee_09485,Marketing,113500
9486,Employee_09486,Support,43000
9487,Employee_09487,Operations,115500
9488,Employee_09488,QA,34000
9489,Employee_09489,DevOps,90000
9490,Employee_09490,Product,34000
9491,Employee_09491,Engineering,80500
9492,Employee_09492,HR,78000
9493,Employee_09493,Finance,67500
9494,Employee_09494,Sales,41000
9495,Employee_09495,Marketing,111000
9496,Employee_09496,Support,70500
9497,Employee_09497,Operations,61500
9498,Employee_09498,QA,58500
9499,Employee_09499,DevOps,58000
9500,Employee_09500,Product,73500
9501,Employee_09501,Engineering,111500
9502,Employee_09502,HR,46000
9503,Employee_09503,Finance,52000
9504,Employee_09504,Sales,54000
9505,Employee_09505,Marketing,57500
9506,Employee_09506,Support,70000
9507,Employee_09507,Operations,117000
9508,Employee_09508,QA,56000
9509,Employee_09509,DevOps,51500
9510,Employee_09510,Product,87000
9511,Employee_09511,Engineering,90500
9512,Employee_09512,HR,51500
9513,Employee_09513,Finance,51000
9514,Employee_09514,Sales,42500
9515,Employee_09515,Marketing,49500
9516,Employee_09516,Support,95000
9517,Employee_09517,Operations,80500
9518,Employee_09518,QA,110500
9519,Employee_09519,DevOps,95500
9520,Employee_09520,Product,62000
9521,Employee_09521,Engineering,85500
9522,Employee_09522,HR,84000
9523,Employee_09523,Finance,36000
9524,Employee_09524,Sales,85000
9525,Employee_09525,Marketing,112000
9526,Employee_09526,Support,94000
9527,Employee_09527,Operations,93000
9528,Employee_09528,QA,71000
9529,Employee_09529,DevOps,70500
9530,Employee_09530,Product,90000
9531,Employee_09531,Engineering,113500
9532,Employee_09532,HR,114000
9533,Employee_09533,Finance,103500
9534,Employee_09534,Sales,82000
9535,Employee_09535,Marketing,49000
9536,Employee_09536,Support,89000
9537,Employee_09537,Operations,89500
9538,Employee_09538,QA,112000
9539,Employee_09539,DevOps,79500
9540,Employee_09540,Product,54500
9541,Employee_09541,Engineering,86000
9542,Employee_09542,HR,45500
9543,Employee_09543,Finance,118000
9544,Employee_09544,Sales,42500
9545,Employee_09545,Marketing,35000
9546,Employee_09546,Support,46000
9547,Employee_09547,Operations,42500
9548,Employee_09548,QA,84500
9549,Employee_09549,DevOps,118000
9550,Employee_09550,Product,90000
9551,Employee_09551,Engineering,34500
9552,Employee_09552,HR,48500
9553,Employee_09553,Finance,62500
9554,Employee_09554,Sales,103000
9555,Employee_09555,Marketing,60500
9556,Employee_09556,Support,72500
9557,Employee_09557,Operations,88500
9558,Employee_09558,QA,51500
9559,Employee_09559,DevOps,77500
9560,Employee_09560,Product,32000
9561,Employee_09561,Engineering,62000
9562,Employee_09562,HR,86500
9563,Employee_09563,Finance,78500
9564,Employee_09564,Sales,86500
9565,Employee_09565,Marketing,72000
9566,Employee_09566,Support,119000
9567,Employee_09567,Operations,106500
9568,Employee_09568,QA,69500
9569,Employee_09569,DevOps,76000
9570,Employee_09570,Product,60000
9571,Employee_09571,Engineering,92000
9572,Employee_09572,HR,106500
9573,Employee_09573,Finance,49000
9574,Employee_09574,Sales,43500
9575,Employee_09575,Marketing,73000
9576,Employee_09576,Support,68500
9577,Employee_09577,Operations,102000
9578,Employee_09578,QA,91500
9579,Employee_09579,DevOps,74500
9580,Employee_09580,Product,50500
9581,Employee_09581,Engineering,102000
9582,Employee_09582,HR,110000
9583,Employee_09583,Finance,41500
9584,Employee_09584,Sales,120000
9585,Employee_09585,Marketing,85500
9586,Employee_09586,Support,45500
9587,Employee_09587,Operations,93000
9588,Employee_09588,QA,106000
9589,Employee_09589,DevOps,53500
9590,Employee_09590,Product,80000
9591,Employee_09591,Engineering,74000
9592,Employee_09592,HR,67000
9593,Employee_09593,Finance,43500
9594,Employee_09594,Sales,36000
9595,Employee_09595,Marketing,58500
9596,Employee_09596,Support,46500
9597,Employee_09597,Operations,33000
9598,Employee_09598,QA,94000
9599,Employee_09599,DevOps,53000
9600,Employee_09600,Product,106500
9601,Employee_09601,Engineering,116500
9602,Employee_09602,HR,51000
9603,Employee_09603,Finance,72000
9604,Employee_09604,Sales,97000
9605,Employee_09605,Marketing,82500
9606,Employee_09606,Support,94000
9607,Employee_09607,Operations,104500
9608,Employee_09608,QA,72500
9609,Employee_09609,DevOps,83000
9610,Employee_09610,Product,69000
9611,Employee_09611,Engineering,37000
9612,Employee_09612,HR,79000
9613,Employee_09613,Finance,48000
9614,Employee_09614,Sales,92000
9615,Employee_09615,Marketing,66000
9616,Employee_09616,Support,40500
9617,Employee_09617,Operations,103500
9618,Employee_09618,QA,55500
9619,Employee_09619,DevOps,103000
9620,Employee_09620,Product,80500
9621,Employee_09621,Engineering,44500
9622,Employee_09622,HR,34500
9623,Employee_09623,Finance,53000
9624,Employee_09624,Sales,40500
9625,Employee_09625,Marketing,92000
9626,Employee_09626,Support,108000
9627,Employee_09627,Operations,51000
9628,Employee_09628,QA,68500
9629,Employee_09629,DevOps,54500
9630,Employee_09630,Product,47500
9631,Employee_09631,Engineering,53500
9632,Employee_09632,HR,64500
9633,Employee_09633,Finance,69000
9634,Employee_09634,Sales,99500
9635,Employee_09635,Marketing,40500
9636,Employee_09636,Support,94500
9637,Employee_09637,Operations,71500
9638,Employee_09638,QA,90500
9639,Employee_09639,DevOps,110500
9640,Employee_09640,Product,82500
9641,Employee_09641,Engineering,71500
9642,Employee_09642,HR,65500
9643,Employee_09643,Finance,82500
9644,Employee_09644,Sales,88500
9645,Employee_09645,Marketing,40500
9646,Employee_09646,Support,40000
9647,Employee_09647,Operations,68500
9648,Employee_09648,QA,48500
9649,Employee_09649,DevOps,78500
9650,Employee_09650,Product,81500
9651,Employee_09651,Engineering,53000
9652,Employee_09652,HR,37500
9653,Employee_09653,Finance,61000
9654,Employee_09654,Sales,35000
9655,Employee_09655,Marketing,105500
9656,Employee_09656,Support,95000
9657,Employee_09657,Operations,50000
9658,Employee_09658,QA,113500
9659,Employee_09659,DevOps,53000
9660,Employee_09660,Product,47000
9661,Employee_09661,Engineering,81000
9662,Employee_09662,HR,88500
9663,Employee_09663,Finance,82000
9664,Employee_09664,Sales,95000
9665,Employee_09665,Marketing,37500
9666,Employee_09666,Support,89500
9667,Employee_09667,Operations,68500
9668,Employee_09668,QA,62000
9669,Employee_09669,DevOps,76500
9670,Employee_09670,Product,110000
9671,Employee_09671,Engineering,48000
9672,Employee_09672,HR,44500
9673,Employee_09673,Finance,59000
9674,Employee_09674,Sales,100500
9675,Employee_09675,Marketing,38500
9676,Employee_09676,Support,55500
9677,Employee_09677,Operations,87000
9678,Employee_09678,QA,98000
9679,Employee_09679,DevOps,37500
9680,Employee_09680,Product,80000
9681,Employee_09681,Engineering,111000
9682,Employee_09682,HR,115500
9683,Employee_09683,Finance,55000
9684,Employee_09684,Sales,90000
9685,Employee_09685,Marketing,114000
9686,Employee_09686,Support,58000
9687,Employee_09687,Operations,43500
9688,Employee_09688,QA,69000
9689,Employee_09689,DevOps,38500
9690,Employee_09690,Product,62000
9691,Employee_09691,Engineering,114000
9692,Employee_09692,HR,60000
9693,Employee_09693,Finance,103000
9694,Employee_09694,Sales,57000
9695,Employee_09695,Marketing,31000
9696,Employee_09696,Support,98000
9697,Employee_09697,Operations,48000
9698,Employee_09698,QA,70000
9699,Employee_09699,DevOps,109500
9700,Employee_09700,Product,71000
9701,Employee_09701,Engineering,57500
9702,Employee_09702,HR,91500
9703,Employee_09703,Finance,114500
9704,Employee_09704,Sales,47500
9705,Employee_09705,Marketing,59500
9706,Employee_09706,Support,50000
9707,Employee_09707,Operations,110000
9708,Employee_09708,QA,112500
9709,Employee_09709,DevOps,86000
9710,Employee_09710,Product,59500
9711,Employee_09711,Engineering,73000
9712,Employee_09712,HR,96000
9713,Employee_09713,Finance,105500
9714,Employee_09714,Sales,84000
9715,Employee_09715,Marketing,74500
9716,Employee_09716,Support,101500
9717,Employee_09717,Operations,76500
9718,Employee_09718,QA,97500
9719,Employee_09719,DevOps,107500
9720,Employee_09720,Product,80000
9721,Employee_09721,Engineering,61500
9722,Employee_09722,HR,110000
9723,Employee_09723,Finance,77500
9724,Employee_09724,Sales,45500
9725,Employee_09725,Marketing,43500
9726,Employee_09726,Support,80000
9727,Employee_09727,Operations,35000
9728,Employee_09728,QA,80500
9729,Employee_09729,DevOps,104500
9730,Employee_09730,Product,67500
9731,Employee_09731,Engineering,47500
9732,Employee_09732,HR,41500
9733,Employee_09733,Finance,57500
9734,Employee_09734,Sales,116000
9735,Employee_09735,Marketing,71500
9736,Employee_09736,Support,43500
9737,Employee_09737,Operations,93500
9738,Employee_09738,QA,109000
9739,Employee_09739,DevOps,65000
9740,Employee_09740,Product,35000
9741,Employee_09741,Engineering,54000
9742,Employee_09742,HR,77000
9743,Employee_09743,Finance,45000
9744,Employee_09744,Sales,84000
9745,Employee_09745,Marketing,80500
9746,Employee_09746,Support,104500
9747,Employee_09747,Operations,51500
9748,Employee_09748,QA,71000
9749,Employee_09749,DevOps,83000
9750,Employee_09750,Product,49000
9751,Employee_09751,Engineering,51500
9752,Employee_09752,HR,33000
9753,Employee_09753,Finance,70000
9754,Employee_09754,Sales,39500
9755,Employee_09755,Marketing,53000
9756,Employee_09756,Support,83000
9757,Employee_09757,Operations,44500
9758,Employee_09758,QA,89000
9759,Employee_09759,DevOps,35000
9760,Employee_09760,Product,79500
9761,Employee_09761,Engineering,39000
9762,Employee_09762,HR,34500
9763,Employee_09763,Finance,61500
9764,Employee_09764,Sales,65000
9765,Employee_09765,Marketing,38000
9766,Employee_09766,Support,78500
9767,Employee_09767,Operations,99500
9768,Employee_09768,QA,112000
9769,Employee_09769,DevOps,69000
9770,Employee_09770,Product,33000
9771,Employee_09771,Engineering,77500
9772,Employee_09772,HR,108500
9773,Employee_09773,Finance,114500
9774,Employee_09774,Sales,65000
9775,Employee_09775,Marketing,69000
9776,Employee_09776,Support,109500
9777,Employee_09777,Operations,114500
9778,Employee_09778,QA,120000
9779,Employee_09779,DevOps,104000
9780,Employee_09780,Product,30500
9781,Employee_09781,Engineering,94000
9782,Employee_09782,HR,108000
9783,Employee_09783,Finance,97500
9784,Employee_09784,Sales,59000
9785,Employee_09785,Marketing,38500
9786,Employee_09786,Support,60000
9787,Employee_09787,Operations,94000
9788,Employee_09788,QA,88500
9789,Employee_09789,DevOps,51500
9790,Employee_09790,Product,119500
9791,Employee_09791,Engineering,103500
9792,Employee_09792,HR,114000
9793,Employee_09793,Finance,98000
9794,Employee_09794,Sales,30500
9795,Employee_09795,Marketing,100000
9796,Employee_09796,Support,89500
9797,Employee_09797,Operations,106500
9798,Employee_09798,QA,72000
9799,Employee_09799,DevOps,60500
9800,Employee_09800,Product,87500
9801,Employee_09801,Engineering,67000
9802,Employee_09802,HR,82000
9803,Employee_09803,Finance,99500
9804,Employee_09804,Sales,75000
9805,Employee_09805,Marketing,66500
9806,Employee_09806,Support,67500
9807,Employee_09807,Operations,47000
9808,Employee_09808,QA,60500
9809,Employee_09809,DevOps,47000
9810,Employee_09810,Product,77000
9811,Employee_09811,Engineering,55000
9812,Employee_09812,HR,49000
9813,Employee_09813,Finance,38500
9814,Employee_09814,Sales,58000
9815,Employee_09815,Marketing,33000
9816,Employee_09816,Support,36000
9817,Employee_09817,Operations,83500
9818,Employee_09818,QA,110000
9819,Employee_09819,DevOps,37500
9820,Employee_09820,Product,102000
9821,Employee_09821,Engineering,115500
9822,Employee_09822,HR,40500
9823,Employee_09823,Finance,115000
9824,Employee_09824,Sales,81000
9825,Employee_09825,Marketing,36500
9826,Employee_09826,Support,42000
9827,Employee_09827,Operations,32500
9828,Employee_09828,QA,84000
9829,Employee_09829,DevOps,59000
9830,Employee_09830,Product,74000
9831,Employee_09831,Engineering,63500
9832,Employee_09832,HR,114500
9833,Employee_09833,Finance,54000
9834,Employee_09834,Sales,72000
9835,Employee_09835,Marketing,118000
9836,Employee_09836,Support,71000
9837,Employee_09837,Operations,46500
9838,Employee_09838,QA,52500
9839,Employee_09839,DevOps,39500
9840,Employee_09840,Product,83500
9841,Employee_09841,Engineering,108000
9842,Employee_09842,HR,103500
9843,Employee_09843,Finance,109000
9844,Employee_09844,Sales,94000
9845,Employee_09845,Marketing,105500
9846,Employee_09846,Support,119000
9847,Employee_09847,Operations,108500
9848,Employee_09848,QA,59000
9849,Employee_09849,DevOps,118000
9850,Employee_09850,Product,65000
9851,Employee_09851,Engineering,64500
9852,Employee_09852,HR,53500
9853,Employee_09853,Finance,36500
9854,Employee_09854,Sales,30000
9855,Employee_09855,Marketing,35000
9856,Employee_09856,Support,81000
9857,Employee_09857,Operations,117000
9858,Employee_09858,QA,104500
9859,Employee_09859,DevOps,58000
9860,Employee_09860,Product,36000
9861,Employee_09861,Engineering,118000
9862,Employee_09862,HR,31000
9863,Employee_09863,Finance,59500
9864,Employee_09864,Sales,109000
9865,Employee_09865,Marketing,90500
9866,Employee_09866,Support,30500
9867,Employee_09867,Operations,43000
9868,Employee_09868,QA,43000
9869,Employee_09869,DevOps,101000
9870,Employee_09870,Product,98000
9871,Employee_09871,Engineering,116500
9872,Employee_09872,HR,37500
9873,Employee_09873,Finance,113000
9874,Employee_09874,Sales,101500
9875,Employee_09875,Marketing,98500
9876,Employee_09876,Support,87500
9877,Employee_09877,Operations,81500
9878,Employee_09878,QA,45000
9879,Employee_09879,DevOps,57000
9880,Employee_09880,Product,118500
9881,Employee_09881,Engineering,39500
9882,Employee_09882,HR,66000
9883,Employee_09883,Finance,37000
9884,Employee_09884,Sales,85500
9885,Employee_09885,Marketing,63500
9886,Employee_09886,Support,67000
9887,Employee_09887,Operations,96000
9888,Employee_09888,QA,104000
9889,Employee_09889,DevOps,47000
9890,Employee_09890,Product,106000
9891,Employee_09891,Engineering,106000
9892,Employee_09892,HR,32500
9893,Employee_09893,Finance,70000
9894,Employee_09894,Sales,70500
9895,Employee_09895,Marketing,109500
9896,Employee_09896,Support,63500
9897,Employee_09897,Operations,104500
9898,Employee_09898,QA,89000
9899,Employee_09899,DevOps,87500
9900,Employee_09900,Product,79500
9901,Employee_09901,Engineering,61000
9902,Employee_09902,HR,114000
9903,Employee_09903,Finance,92000
9904,Employee_09904,Sales,87000
9905,Employee_09905,Marketing,53500
9906,Employee_09906,Support,76000
9907,Employee_09907,Operations,41500
9908,Employee_09908,QA,40000
9909,Employee_09909,DevOps,30500
9910,Employee_09910,Product,62000
9911,Employee_09911,Engineering,73500
9912,Employee_09912,HR,113500
9913,Employee_09913,Finance,83000
9914,Employee_09914,Sales,87000
9915,Employee_09915,Marketing,43500
9916,Employee_09916,Support,102000
9917,Employee_09917,Operations,69500
9918,Employee_09918,QA,30000
9919,Employee_09919,DevOps,106000
9920,Employee_09920,Product,85000
9921,Employee_09921,Engineering,76000
9922,Employee_09922,HR,111000
9923,Employee_09923,Finance,115000
9924,Employee_09924,Sales,106000
9925,Employee_09925,Marketing,102000
9926,Employee_09926,Support,55500
9927,Employee_09927,Operations,120000
9928,Employee_09928,QA,37000
9929,Employee_09929,DevOps,62500
9930,Employee_09930,Product,43000
9931,Employee_09931,Engineering,51500
9932,Employee_09932,HR,109500
9933,Employee_09933,Finance,92000
9934,Employee_09934,Sales,90000
9935,Employee_09935,Marketing,60000
9936,Employee_09936,Support,62500
9937,Employee_09937,Operations,65000
9938,Employee_09938,QA,79000
9939,Employee_09939,DevOps,119000
9940,Employee_09940,Product,32000
9941,Employee_09941,Engineering,99000
9942,Employee_09942,HR,76000
9943,Employee_09943,Finance,83500
9944,Employee_09944,Sales,77500
9945,Employee_09945,Marketing,54000
9946,Employee_09946,Support,58500
9947,Employee_09947,Operations,63000
9948,Employee_09948,QA,107000
9949,Employee_09949,DevOps,93500
9950,Employee_09950,Product,42000
9951,Employee_09951,Engineering,91000
9952,Employee_09952,HR,120000
9953,Employee_09953,Finance,93000
9954,Employee_09954,Sales,80000
9955,Employee_09955,Marketing,118000
9956,Employee_09956,Support,77500
9957,Employee_09957,Operations,86500
9958,Employee_09958,QA,49000
9959,Employee_09959,DevOps,61500
9960,Employee_09960,Product,116500
9961,Employee_09961,Engineering,56000
9962,Employee_09962,HR,83000
9963,Employee_09963,Finance,119000
9964,Employee_09964,Sales,111000
9965,Employee_09965,Marketing,40000
9966,Employee_09966,Support,60500
9967,Employee_09967,Operations,53500
9968,Employee_09968,QA,78000
9969,Employee_09969,DevOps,95000
9970,Employee_09970,Product,98000
9971,Employee_09971,Engineering,119500
9972,Employee_09972,HR,101500
9973,Employee_09973,Finance,75000
9974,Employee_09974,Sales,109000
9975,Employee_09975,Marketing,31500
9976,Employee_09976,Support,80000
9977,Employee_09977,Operations,67000
9978,Employee_09978,QA,86500
9979,Employee_09979,DevOps,93500
9980,Employee_09980,Product,53000
9981,Employee_09981,Engineering,74000
9982,Employee_09982,HR,107000
9983,Employee_09983,Finance,82000
9984,Employee_09984,Sales,94500
9985,Employee_09985,Marketing,84500
9986,Employee_09986,Support,72500
9987,Employee_09987,Operations,34500
9988,Employee_09988,QA,54500
9989,Employee_09989,DevOps,34000
9990,Employee_09990,Product,108000
9991,Employee_09991,Engineering,48500
9992,Employee_09992,HR,94000
9993,Employee_09993,Finance,119500
9994,Employee_09994,Sales,108500
9995,Employee_09995,Marketing,61500
9996,Employee_09996,Support,38500
9997,Employee_09997,Operations,54000
9998,Employee_09998,QA,45500
9999,Employee_09999,DevOps,100000
10000,Employee_10000,Product,33000
